Distance, Altitude
   0.000000, 5181.600000
  22.398361, 4000.500000
  43.261093, 2819.400000
  62.418893, 1638.300000
  80.228228,  457.200000
