Maximum Rate of Climb, Altitude
   0.000000, 9669.069451
   3.193008, 7620.000000
   6.161517, 5715.000000
   8.860997, 3810.000000
  11.198102, 1905.000000
  12.031702,    0.000000
