alpha body, Efficiency
 -10.000000,    0.388557
  -9.090909,   -0.029587
  -8.181818,   -0.493254
