alpha body, Efficiency
 -10.000000,    0.237146
  -9.090909,    0.072789
  -8.181818,   -0.114293
