Altitude, Fuel  used
   0.000000,    0.000000
9250.000000,  267.790628
18500.000000,  566.508725
27750.000000, 1502.393687
37000.000000, 1589.080812
