Maximum Rate of Climb, Altitude
   0.000000, 6771.713825
  -0.911122, 7620.000000
   1.134988, 5715.000000
   3.165662, 3810.000000
   4.266304, 1905.000000
   4.663156,    0.000000
