Maximum Rate of Climb, Altitude
   0.000000, 8899.914409
   0.553467, 7620.000000
   1.377236, 5715.000000
   2.693688, 3810.000000
   3.136021, 1905.000000
   4.065559,    0.000000
