Mach, Specific Range
   0.335822,    0.337454
   0.342788,    0.312502
   0.352436,    0.290562
   0.361566,    0.271213
   0.367597,    0.254000
