Mach, Specific Range
   0.355188,    0.334237
   0.364263,    0.309517
   0.372811,    0.287819
   0.383613,    0.268318
   0.391027,    0.251374
