Maximum Rate of Climb, Altitude
   0.000000, 12818.426498
-232.539945, 17000.000000
   3.790579, 12750.000000
 183.823485, 8500.000000
 260.831217, 4250.000000
 323.509334,    0.000000
