Maximum Rate of Climb, Altitude
   0.000000, 12809.444511
-232.323392, 17000.000000
   2.527130, 12750.000000
 183.204898, 8500.000000
 259.464664, 4250.000000
 322.096705,    0.000000
