Time, Altitude
   0.000000,    0.000000
   3.039138, 1295.400000
   6.629504, 2590.800000
  11.661038, 3886.200000
  21.730355, 5181.600000
