Time, Altitude
   0.000000,    0.000000
   2.996807, 1295.400000
   6.387152, 2590.800000
  10.643021, 3886.200000
  16.631200, 5181.600000
