Maximum Rate of Climb, Altitude
   0.000000, 4253.323624
  -0.839645, 5181.600000
   0.332071, 3886.200000
   1.221787, 2590.800000
   1.594603, 1295.400000
   1.895444,    0.000000
