Maximum Climb Angle, Altitude
   0.000000, 14107.687333
  -0.007637, 17000.000000
   0.003853, 12750.000000
   0.014251, 8500.000000
   0.019475, 4250.000000
   0.024783,    0.000000
