Maximum Climb Angle, Altitude
   0.000000, 14113.170777
  -0.007779, 17000.000000
   0.003944, 12750.000000
   0.014212, 8500.000000
   0.019463, 4250.000000
   0.024805,    0.000000
