Range, Payload
   0.000000,   90.000000
1286.316467,   90.000000
1286.314197,   90.000000
2825.019481,   49.000000
3233.982552,    0.000000
