Distance, Altitude
   0.000000, 37000.000000
  42.251470, 27762.500000
  77.634191, 18525.000000
 107.762368, 9287.500000
 133.700814,   50.000000
