Maximum Climb Angle, Altitude
   0.000000, -22706.691541
   0.034082, 39000.000000
   0.034082, 29250.000000
   0.036648, 19500.000000
   0.043236, 9750.000000
   0.077770,    0.000000
