Maximum Rate of Climb, Altitude
   0.000000, 22216.908875
-179.354651, 25000.000000
 223.422879, 18750.000000
 623.161746, 12500.000000
 839.823700, 6250.000000
 917.944140,    0.000000
