Range, Payload
   0.000000,  130.000000
2439.240077,  130.000000
2439.237972,  130.000000
5351.337822,   76.000000
5900.650820,    0.000000
