Time, Altitude
   0.000000, 5181.600000
   2.615839, 4000.500000
   5.209448, 2819.400000
   7.740396, 1638.300000
  10.236663,  457.200000
