Time, Altitude
   0.000000,    0.000000
   0.389666,   35.000000
  12.855677, 17000.000000
  26.934184, 17000.000000
  37.267517, 1500.000000
  42.174259, 10000.000000
  59.522269, 10000.000000
  65.188935, 1500.000000
 110.188935, 1500.000000
 111.155602,   50.000000
 111.318226,    0.000000
