alpha body, CLh_e
 -10.000000,   -0.564495
  -9.090909,   -0.541708
  -8.181818,   -0.519688
  -7.272727,   -0.498480
  -6.363636,   -0.478114
  -5.454545,   -0.458563
  -4.545455,   -0.439742
  -3.636364,   -0.421712
  -2.727273,   -0.404506
  -1.818182,   -0.386252
  -0.909091,   -0.370334
  -0.000000,   -0.355193
   0.909091,   -0.340826
   1.818182,   -0.327258
   2.727273,   -0.314492
   3.636364,   -0.302533
   4.545455,   -0.291349
   5.454545,   -0.280910
