alpha body, CLh_e
 -10.000000,   -0.588196
  -9.090909,   -0.568533
  -8.181818,   -0.549502
  -7.272727,   -0.531142
  -6.363636,   -0.513479
  -5.454545,   -0.496490
  -4.545455,   -0.480106
  -3.636364,   -0.464379
  -2.727273,   -0.449335
  -1.818182,   -0.433118
  -0.909091,   -0.419092
  -0.000000,   -0.405713
   0.909091,   -0.392978
   1.818182,   -0.380910
   2.727273,   -0.369510
   3.636364,   -0.358783
   4.545455,   -0.348703
   5.454545,   -0.339245
