alpha body, CLh_e
 -10.000000,   -2.903345
