alpha body, CLh_e
 -10.000000,   -2.599541
