Maximum Rate of Climb, Altitude
   0.000000, 26866.242591
 669.410042, 17000.000000
 957.766289, 12750.000000
1214.699316, 8500.000000
1447.459493, 4250.000000
1517.555260,    0.000000
