Maximum Rate of Climb, Altitude
   0.000000, 26795.034892
 663.960634, 17000.000000
 952.048704, 12750.000000
1209.707577, 8500.000000
1445.565528, 4250.000000
1512.713723,    0.000000
