Time, Altitude
   0.000000, 17000.000000
   2.615839, 13125.000000
   5.209448, 9250.000000
   7.740396, 5375.000000
  10.236663, 1500.000000
