V (EAS), 
   0.000000,    1.000000
  99.216570,    1.945421
 134.318207,    2.279900
   0.000000,    1.000000
 134.318207,    2.279900
 167.897759,    1.768487
   0.000000,    1.000000
 167.897759,    1.768487
 167.897759,    0.231513
   0.000000,    1.000000
 167.897759,    0.231513
 134.318207,   -0.279900
   0.000000,    1.000000
 134.318207,   -0.279900
 134.318207,   -0.279900
  76.852825,    0.054579
   0.000000,    1.000000
