V (EAS), 
   0.000000,    1.000000
  84.501602,    1.465835
  84.501602,    0.534165
   0.000000,    1.000000
