V (EAS), 
   0.000000,    1.000000
  84.344390,    1.464968
  84.344390,    0.535032
   0.000000,    1.000000
