Fuel used, Altitude
   0.000000, 39000.000000
 220.879577, 29262.500000
 381.579013, 19525.000000
 461.039260, 9787.500000
 484.870458,   50.000000
