Maximum Climb Angle, Altitude
  -0.039052, 17000.000000
   0.675239, 13125.000000
   1.367643, 9250.000000
   1.687203, 5375.000000
   2.010584, 1500.000000
