Altitude, Fuel  used
   0.000000,    0.000000
4250.000000,   46.948969
8500.000000,   91.887726
12750.000000,  141.940271
17000.000000,  212.087400
