Altitude, Fuel  used
   0.000000,    0.000000
4250.000000,   46.962213
8500.000000,   91.915928
12750.000000,  141.935202
17000.000000,  211.923713
