Mach, Specific Range
   0.386870,    0.171031
   0.398777,    0.157652
   0.410337,    0.145882
   0.421582,    0.135469
   0.432534,    0.126214
