Maximum Rate of Climb, Altitude
   0.000000, 12093.823848
   0.302989, 11887.200000
   4.660774, 8915.400000
   9.486776, 5943.600000
  13.943042, 2971.800000
  18.382661,    0.000000
