Maximum Climb Angle, Altitude
   0.000000, 25861.833768
   0.028354, 17000.000000
   0.045203, 12750.000000
   0.063204, 8500.000000
   0.081616, 4250.000000
   0.093251,    0.000000
