Fuel used, Altitude
   0.000000,    0.000000
   7.862846,   10.668000
 186.510492, 5181.600000
 379.502985, 5181.600000
 452.147681,  457.200000
 532.986929, 3048.000000
 809.015579, 3048.000000
 848.727727,  457.200000
1043.852916,  457.200000
1050.686955,   15.240000
1051.119648,    0.000000
