Fuel used, Altitude
   0.000000,    0.000000
   7.863411,   10.668000
 186.518051, 5181.600000
 379.507055, 5181.600000
 452.151432,  457.200000
 532.993481, 3048.000000
 809.024952, 3048.000000
 848.736943,  457.200000
1043.865924,  457.200000
1050.699903,   15.240000
1051.132596,    0.000000
