Range, Payload
   0.000000,   72.000000
1916.645461,   72.000000
2195.809686,   68.000000
3305.160827,   52.000000
3497.826324,    0.000000
