Time, Altitude
   0.000000,    0.000000
   0.479225,   35.000000
  14.459675, 17000.000000
  28.425948, 17000.000000
  38.759282, 1500.000000
  44.503544, 10000.000000
  63.358278, 10000.000000
  69.024944, 1500.000000
 114.024944, 1500.000000
 114.991611,   50.000000
 115.160833,    0.000000
