Time, Altitude
   0.000000,    0.000000
   0.006494,   35.000000
   0.214261, 17000.000000
   0.448903, 17000.000000
   0.621125, 1500.000000
   0.702904, 10000.000000
   0.992038, 10000.000000
   1.086482, 1500.000000
   1.836482, 1500.000000
   1.852593,   50.000000
   1.855304,    0.000000
