Range, Payload
   0.000000,   72.000000
1860.750187,   72.000000
2137.716450,   68.000000
3238.553590,   52.000000
3482.336099,    0.000000
