V (EAS), 
   0.000000,    1.000000
  80.035391,    1.522759
  80.035391,    0.477241
   0.000000,    1.000000
