V (EAS), 
   0.000000,    1.000000
  80.026733,    1.522661
  80.026733,    0.477339
   0.000000,    1.000000
