V (EAS), 
   0.000000,    1.000000
  95.443525,    2.077471
 147.110653,    2.660746
   0.000000,    1.000000
 147.110653,    2.660746
 183.888316,    1.997156
   0.000000,    1.000000
 183.888316,    1.997156
 183.888316,    0.002844
   0.000000,    1.000000
 183.888316,    0.002844
 147.110653,   -0.660746
   0.000000,    1.000000
 147.110653,   -0.660746
 147.110653,   -0.660746
  76.099790,   -0.077471
   0.000000,    1.000000
