Maximum Rate of Climb, Altitude
   0.000000, 13411.591453
   7.688174, 7620.000000
  10.217007, 5715.000000
  11.796843, 3810.000000
  12.360927, 1905.000000
  13.613859,    0.000000
