Time, Thrust
   0.000000, -1681.869011
   2.615839, -1832.376566
   5.209448, -2050.538036
   7.740396, -2459.690552
  10.236663, -3099.576818
