Time, Thrust
   0.000000, 7207.615518
   2.615839, 6479.949431
   5.209448, 5702.567542
   7.740396, 4691.886032
  10.236663, 3760.814518
