Mach, Specific Range
   0.776881,    0.109639
   0.800184,    0.104140
   0.810548,    0.099159
   0.818936,    0.094815
   0.825253,    0.090614
