Mach, Specific Range
   0.931658,    0.120306
   0.910913,    0.112839
   0.878092,    0.105655
   0.821827,    0.097617
