Mach, Specific Range
   0.883349,    0.119112
   0.871698,    0.111685
   0.853464,    0.104595
   0.810460,    0.096656
