Mach, Specific Range
   0.839812,    0.108496
   0.855033,    0.103095
   0.873575,    0.098198
   0.905306,    0.093846
   0.908466,    0.089716
