Time, Thrust
   0.000000, -716.879951
   3.439029, -876.737731
   6.763698, -1056.572404
   9.987218, -1234.462625
  13.316045, -1412.742812
