Time, Thrust
   0.000000,    0.000000
   5.250000, 3300.911013
  10.500000, 2623.536171
  15.750000, 1961.146043
  21.000000, 1306.830449
