Time, Thrust
   0.000000, -321.675295
   3.439029,  718.065068
   6.763698, 2434.966043
   9.987218, 2568.047056
  13.316045, 1651.448891
