V (EAS), 
   0.000000,    1.000000
 192.861584,    1.945421
 261.093707,    2.279900
   0.000000,    1.000000
 261.093707,    2.279900
 326.367134,    1.768487
   0.000000,    1.000000
 326.367134,    1.768487
 326.367134,    0.231513
   0.000000,    1.000000
 326.367134,    0.231513
 261.093707,   -0.279900
   0.000000,    1.000000
 261.093707,   -0.279900
 261.093707,   -0.279900
 149.389941,    0.054579
   0.000000,    1.000000
