V (EAS), 
   0.000000,    1.000000
 163.952378,    1.464968
 163.952378,    0.535032
   0.000000,    1.000000
