Maximum Climb Angle, Altitude
   0.000000, 25607.279531
   0.027052, 17000.000000
   0.043706, 12750.000000
   0.061429, 8500.000000
   0.079611, 4250.000000
   0.091051,    0.000000
