CLe, Static Stability Margin
   0.014495, -605.738509
   0.004145, -603.515820
  -0.006306, -599.801851
