Time, Altitude
   0.000000,    0.000000
   2.424118, 6250.000000
   5.021155, 12500.000000
   7.876143, 18750.000000
  11.407541, 25000.000000
