Maximum Climb Angle, Altitude
   0.000000, 44001.284294
   0.062456, 25000.000000
   0.090545, 18750.000000
   0.116187, 12500.000000
   0.137081, 6250.000000
   0.165928,    0.000000
