Time, Altitude
   0.000000,    0.000000
   0.007829,   10.668000
   0.613705, 10058.400000
   3.127275, 10058.400000
   3.477275,  457.200000
   3.553753, 4572.000000
   3.770472, 4572.000000
   3.920472,  457.200000
   4.420472,  457.200000
   4.436583,   15.240000
   4.442479,    0.000000
