Time, Altitude
   0.000000,    0.000000
   0.007721,   10.668000
   0.576760, 10058.400000
   3.118143, 10058.400000
   3.468143,  457.200000
   3.543536, 4572.000000
   3.760165, 4572.000000
   3.910165,  457.200000
   4.410165,  457.200000
   4.426277,   15.240000
   4.432145,    0.000000
