Time, Altitude
   0.000000,    0.000000
   0.007660,   10.668000
   0.467575, 9144.000000
   3.349620, 9144.000000
   3.666287,  457.200000
   3.744080, 4572.000000
   3.805371, 4572.000000
   3.955371,  457.200000
   4.455371,  457.200000
   4.471482,   15.240000
   4.477386,    0.000000
