Time, Aircraft mass
   0.000000, 53610.000000
   0.476705, 53582.382565
  16.697932, 52954.656753
 248.840656, 47955.587699
 267.840656, 47721.741776
 272.762188, 47501.592867
 289.744209, 46975.980178
 298.744209, 46862.305608
 328.744209, 46272.131333
 329.710875, 46258.464131
 329.946611, 46258.464131
