V (EAS), 
   0.000000,    1.000000
  78.594286,    1.531144
  78.594286,    0.468856
   0.000000,    1.000000
