V (EAS), 
  44.797798,    0.000000
  44.797798,    1.000000
  46.859559,    1.094165
  48.921321,    1.192567
  50.983083,    1.295206
  53.044844,    1.402081
  55.106606,    1.513192
  57.168368,    1.628539
  59.230130,    1.748123
  61.291891,    1.871943
  63.353653,    2.000000
  78.594286,    2.000000
  78.594286,    0.000000
