Time, Altitude
   0.000000,    0.000000
   0.006465,   35.000000
   0.212181, 17000.000000
   0.448677, 17000.000000
   0.620899, 1500.000000
   0.702077, 10000.000000
   0.991448, 10000.000000
   1.085892, 1500.000000
   1.835892, 1500.000000
   1.852003,   50.000000
   1.854707,    0.000000
