Time, Altitude
   0.000000,    0.000000
   0.424642,   10.668000
  12.512665, 5181.600000
  28.128192, 5181.600000
  38.461525,  457.200000
  43.529296, 3048.000000
  62.245857, 3048.000000
  67.912524,  457.200000
 112.912524,  457.200000
 113.879191,   15.240000
 114.042471,    0.000000
