Range, Masses
   0.000000, 16203.976271
 445.449530, 21054.146039
 741.884737, 21054.146039
1394.882745, 21054.146039
1552.649359, 11023.113109
