Range, Masses
   0.000000, 16203.976271
 436.140549, 21054.146039
 722.514029, 21054.146039
1350.809154, 21054.146039
1490.162360, 11023.113109
