Range, Masses
   0.000000, 16203.976271
 445.449530, 16203.976271
 741.884737, 14241.862137
1394.882745, 10031.032929
1552.649359,    0.000000
