Xcg/c, Mass
  -7.949929, 48765.806423
  -2.057785, 56845.684453
