CLh_e, CDh_e
  -0.588196,    0.006531
  -0.568533,    0.006455
  -0.549502,    0.006398
  -0.531141,    0.006364
  -0.513479,    0.006427
  -0.496490,    0.006502
  -0.480106,    0.006601
  -0.464379,    0.006737
  -0.449335,    0.006992
  -0.433118,    0.007254
  -0.419092,    0.007549
  -0.405714,    0.008002
  -0.392979,    0.008524
  -0.380911,    0.009097
  -0.369512,    0.013316
  -0.358785,    0.015372
