CLh_e, CDh_e
  -2.903345,    0.016080
