CLh_e, CDh_e
  -2.599541,    0.016080
