CLh_e, CDh_e
  -0.564495,    0.006463
  -0.541708,    0.006378
  -0.519688,    0.006313
  -0.498480,    0.006260
  -0.478114,    0.006229
  -0.458563,    0.006281
  -0.439742,    0.006365
  -0.421712,    0.006466
  -0.404506,    0.006597
  -0.386252,    0.006814
  -0.370334,    0.007091
  -0.355193,    0.007384
  -0.340826,    0.007723
  -0.327258,    0.008240
  -0.314492,    0.008772
  -0.302533,    0.009898
  -0.291349,    0.014407
  -0.280910,    0.015535
