CLh_e, CDh_e
  -0.588196,    0.006494
  -0.568533,    0.006448
  -0.549502,    0.006426
  -0.531142,    0.006416
  -0.513479,    0.006429
  -0.496490,    0.006463
  -0.480106,    0.006622
  -0.464379,    0.006797
  -0.449335,    0.007002
  -0.433118,    0.007215
  -0.419092,    0.007604
  -0.405713,    0.008042
  -0.392978,    0.008496
  -0.380910,    0.009433
  -0.369510,    0.013310
  -0.358783,    0.016248
  -0.348703,    0.019052
  -0.339245,    0.019815
