Time, Altitude
   0.000000,  457.200000
   2.431308, 2400.300000
   5.091712, 4343.400000
   8.244225, 6286.500000
  12.472119, 8229.600000
