Time, Altitude
   0.000000,  457.200000
   2.422328, 2400.300000
   5.018405, 4343.400000
   7.955074, 6286.500000
  11.710231, 8229.600000
