Fuel used, Altitude
   0.000000,    0.000000
  55.924752,   35.000000
2219.100608, 30000.000000
12921.746790, 30000.000000
13931.691777, 1500.000000
14520.924605, 15000.000000
15716.799673, 15000.000000
15998.749043, 1500.000000
17288.921855, 1500.000000
17321.052421,   50.000000
17321.052421,    0.000000
