Altitude, Fuel  used
   0.000000,    0.000000
6250.000000,  112.222365
12500.000000,  220.335518
18750.000000,  321.270685
25000.000000,  416.566648
