Maximum Rate of Climb, Altitude
   0.000000, -6061.318010
   4.555646, 11277.600000
   3.814874, 8458.200000
   3.516479, 5638.800000
   3.733172, 2819.400000
   6.259689,    0.000000
