Time, Altitude
   0.000000,    0.000000
   2.979260, 1295.400000
   6.474436, 2590.800000
  11.320811, 3886.200000
  20.590707, 5181.600000
