Fuel used, Altitude
   0.000000, 30000.000000
 118.806935, 22875.000000
 243.395565, 15750.000000
 357.691695, 8625.000000
 477.993441, 1500.000000
