Maximum Rate of Climb, Altitude
   0.000000, -22706.691541
1532.667006, 39000.000000
1290.497107, 29250.000000
1087.671841, 19500.000000
1069.528792, 9750.000000
1689.559750,    0.000000
