Maximum Climb Angle, Altitude
   0.000000, 5084.727579
  -0.010369, 7620.000000
  -0.004939, 5829.300000
   0.007683, 4038.600000
   0.013720, 2247.900000
   0.024025,  457.200000
