Maximum Climb Angle, Altitude
   0.000000, 5466.259781
  -0.007747, 7620.000000
  -0.002320, 5829.300000
   0.010164, 4038.600000
   0.016092, 2247.900000
   0.026339,  457.200000
