Cl, Efficiency
   0.014495,    0.237146
   0.004145,    0.072789
  -0.006306,   -0.114293
