Cl, Efficiency
   0.023750,    0.388557
  -0.001685,   -0.029587
  -0.027214,   -0.493254
