Time, Aircraft mass
   0.000000, 19645.647239
   0.424619, 19637.784393
  12.512161, 19459.136747
  28.128227, 19266.144254
  38.461561, 19193.499558
  43.529155, 19112.660310
  62.245787, 18836.631661
  67.912454, 18796.919513
 112.912454, 18601.794323
 113.879121, 18594.960285
 114.042401, 18594.527591
