Time, Aircraft mass
   0.000000, 19646.088722
   0.424642, 19638.225311
  12.512665, 19459.570671
  28.128192, 19266.581667
  38.461525, 19193.937290
  43.529296, 19113.095241
  62.245857, 18837.063771
  67.912524, 18797.351780
 112.912524, 18602.222799
 113.879191, 18595.388820
 114.042471, 18594.956127
