Time, Altitude
   0.000000,    0.000000
   0.006588,   10.668000
   0.221914, 5181.600000
   0.450797, 5181.600000
   0.623020,  457.200000
   0.706415, 3048.000000
   0.995969, 3048.000000
   1.090413,  457.200000
   1.840413,  457.200000
   1.856524,   15.240000
   1.859260,    0.000000
