CL_e, CD_e
   0.112570,    0.367275
   0.108348,    0.455016
   0.104805,    0.542638
   0.101841,    0.630131
   0.099408,    0.717491
   0.097585,    0.804723
   0.096613,    0.891839
   0.096344,    0.978830
   0.096726,    1.065691
   0.097756,    1.152775
   0.099505,    1.239442
   0.102061,    1.325985
   0.105428,    1.412405
   0.109536,    1.498698
   0.115073,    1.584864
   0.120921,    1.670901
