CL_e, CD_e
   0.114391,   -0.016371
