Time, Altitude
   0.000000,    0.000000
   2.479795, 1905.000000
   5.235431, 3810.000000
   8.476177, 5715.000000
  12.730265, 7620.000000
