Maximum Climb Angle, Altitude
   0.000000, 8355.643425
   0.032951, 5181.600000
   0.050107, 3886.200000
   0.068342, 2590.800000
   0.087060, 1295.400000
   0.098828,    0.000000
