Maximum Climb Angle, Altitude
   0.000000, 20107.035857
  -0.004159, 25000.000000
   0.002011, 19125.000000
   0.015572, 13250.000000
   0.021937, 7375.000000
   0.033253, 1500.000000
