Range, Payload
   0.000000,   72.000000
1937.688226,   72.000000
2217.800274,   68.000000
3340.918250,   52.000000
3506.849731,    0.000000
