Range, Payload
   0.000000,   72.000000
1935.649138,   72.000000
2215.667664,   68.000000
3338.402672,   52.000000
3504.688442,    0.000000
