Time, Altitude
   0.000000,    0.000000
   0.007648,   35.000000
   0.541768, 30000.000000
   3.362068, 30000.000000
   3.678735, 1500.000000
   3.756546, 15000.000000
   3.817827, 15000.000000
   3.967827, 1500.000000
   4.467827, 1500.000000
   4.483938,   50.000000
   4.489843,    0.000000
