Time, Altitude
   0.000000,    0.000000
   0.006743,   35.000000
   0.283121, 30000.000000
   0.575365, 30000.000000
   0.892032, 1500.000000
   0.966892, 15000.000000
   1.183398, 15000.000000
   1.333398, 1500.000000
   1.833398, 1500.000000
   1.849509,   50.000000
   1.855363,    0.000000
