Time, Altitude
   0.000000,    0.000000
   0.007829,   35.000000
   0.613705, 33000.000000
   3.127275, 33000.000000
   3.477275, 1500.000000
   3.553753, 15000.000000
   3.770472, 15000.000000
   3.920472, 1500.000000
   4.420472, 1500.000000
   4.436583,   50.000000
   4.442479,    0.000000
