Time, Altitude
   0.000000,    0.000000
   0.007721,   35.000000
   0.576760, 33000.000000
   3.118143, 33000.000000
   3.468143, 1500.000000
   3.543536, 15000.000000
   3.760165, 15000.000000
   3.910165, 1500.000000
   4.410165, 1500.000000
   4.426277,   50.000000
   4.432145,    0.000000
