Maximum Rate of Climb, Altitude
-433.799211, 30000.000000
 140.082501, 22875.000000
 665.110721, 15750.000000
1135.044318, 8625.000000
1563.847057, 1500.000000
