Distance, Altitude
   0.000000, 25000.000000
  22.741676, 18762.500000
  43.166626, 12525.000000
  61.603550, 6287.500000
  78.322215,   50.000000
