Time, Altitude
   0.000000, 25000.000000
   4.158333, 18762.500000
   8.316667, 12525.000000
  12.475000, 6287.500000
  16.633333,   50.000000
