Maximum Climb Angle, Altitude
   0.000000, 12612.701078
  -0.011437, 17000.000000
  -0.000299, 12750.000000
   0.009744, 8500.000000
   0.014942, 4250.000000
   0.020185,    0.000000
