V (EAS), 
   0.000000,    1.000000
 196.167839,    1.348745
 196.167839,    0.651255
   0.000000,    1.000000
