Maximum Rate of Climb, Altitude
   0.000000, 25379.429032
 579.694390, 17000.000000
 873.712174, 12750.000000
1135.184289, 8500.000000
1374.302247, 4250.000000
1445.773248,    0.000000
