Maximum Rate of Climb, Altitude
   0.000000, 28992.479282
 738.564934, 17000.000000
1000.304054, 12750.000000
1245.577632, 8500.000000
1459.749791, 4250.000000
1540.431928,    0.000000
