Maximum Rate of Climb, Altitude
   0.000000, 25639.461529
 598.554626, 17000.000000
 893.000888, 12750.000000
1156.324059, 8500.000000
1395.458779, 4250.000000
1467.398154,    0.000000
