Maximum Climb Gradient, Altitude
  -0.067720, 5181.600000
   1.178514, 4000.500000
   2.386987, 2819.400000
   2.944724, 1638.300000
   3.509131,  457.200000
