Maximum Rate of Climb, Altitude
   0.000000, 14107.687333
-157.477993, 17000.000000
  73.922118, 12750.000000
 248.810371, 8500.000000
 321.924422, 4250.000000
 381.064137,    0.000000
