Range, Payload
   0.000000,  130.000000
1366.957613,  130.000000
1366.947767,  130.000000
2996.852698,   76.000000
3269.742357,    0.000000
