Fuel used, Altitude
   0.000000, 30000.000000
 127.609197, 22875.000000
 260.045656, 15750.000000
 364.675054, 8625.000000
 493.561816, 1500.000000
