V (EAS), 
   0.000000,    1.000000
  98.000794,    1.956120
 134.318422,    2.310444
   0.000000,    1.000000
 134.318422,    2.310444
 167.898027,    1.786826
   0.000000,    1.000000
 167.898027,    1.786826
 167.898027,    0.213174
   0.000000,    1.000000
 167.898027,    0.213174
 134.318422,   -0.310444
   0.000000,    1.000000
 134.318422,   -0.310444
 134.318422,   -0.310444
  75.911089,    0.043880
   0.000000,    1.000000
