V (EAS), 
   0.000000,    1.000000
  82.121474,    1.463573
  82.121474,    0.536427
   0.000000,    1.000000
