V (EAS), 
   0.000000,    1.000000
  96.577380,    2.080095
 147.110653,    2.645246
   0.000000,    1.000000
 147.110653,    2.645246
 183.888316,    1.987850
   0.000000,    1.000000
 183.888316,    1.987850
 183.888316,    0.012150
   0.000000,    1.000000
 183.888316,    0.012150
 147.110653,   -0.645246
   0.000000,    1.000000
 147.110653,   -0.645246
 147.110653,   -0.645246
  76.268374,   -0.080095
   0.000000,    1.000000
