Altitude, Fuel  used
   0.000000,    0.000000
1905.000000,  113.295434
3810.000000,  222.354955
5715.000000,  324.105420
7620.000000,  453.796914
