Time, Altitude
   0.000000,    0.000000
   0.469743,   10.668000
  36.822294, 10058.400000
 187.636510, 10058.400000
 208.636510,  457.200000
 213.225181, 4572.000000
 226.228318, 4572.000000
 235.228318,  457.200000
 265.228318,  457.200000
 266.194985,   15.240000
 266.548760,    0.000000
