Time, Altitude
   0.000000,    0.000000
   0.459611,   10.668000
  28.054524, 9144.000000
 200.977216, 9144.000000
 219.977216,  457.200000
 224.644772, 4572.000000
 228.322247, 4572.000000
 237.322247,  457.200000
 267.322247,  457.200000
 268.288913,   15.240000
 268.643182,    0.000000
