Time, Altitude
   0.000000,    0.000000
   0.458891,   10.668000
  32.506077, 9144.000000
 201.724087, 9144.000000
 220.724087,  457.200000
 225.392765, 4572.000000
 229.069628, 4572.000000
 238.069628,  457.200000
 268.069628,  457.200000
 269.036295,   15.240000
 269.390597,    0.000000
