Time, Altitude
   0.000000,    0.000000
   0.404574,   10.668000
  16.987263, 9144.000000
  34.521903, 9144.000000
  53.521903,  457.200000
  58.013508, 4572.000000
  71.003872, 4572.000000
  80.003872,  457.200000
 110.003872,  457.200000
 110.970539,   15.240000
 111.321784,    0.000000
