Maximum Rate of Climb, Altitude
   0.000000, -19908.176549
1054.691425, 37000.000000
 883.259194, 27750.000000
 776.784982, 18500.000000
 815.559012, 9250.000000
1317.320156,    0.000000
