Maximum Rate of Climb, Altitude
   0.000000, -23296.138147
 986.658276, 35000.000000
 844.911956, 26625.000000
 745.296357, 18250.000000
 758.479473, 9875.000000
1220.331480, 1500.000000
