Altitude, Fuel  used
 457.200000,    0.000000
2247.900000,   82.082192
4038.600000,  161.934339
5829.300000,  238.984202
7620.000000,  332.778010
