Altitude, Fuel  used
 457.200000,    0.000000
2247.900000,   78.737204
4038.600000,  155.577866
5829.300000,  229.716874
7620.000000,  318.666085
