Fuel used, Altitude
   0.000000,    0.000000
  43.624530,   10.668000
1576.866439, 10058.400000
6302.400602, 10058.400000
6359.082604,  457.200000
6635.781659, 4572.000000
7307.776657, 4572.000000
7327.847817,  457.200000
7453.859196,  457.200000
7453.839942,   15.240000
7453.839942,    0.000000
