Fuel used, Altitude
   0.000000,    0.000000
  43.021771,   10.668000
1495.974957, 10058.400000
6267.821181, 10058.400000
6324.189788,  457.200000
6596.995464, 4572.000000
7268.537566, 4572.000000
7289.468248,  457.200000
7413.161039,  457.200000
7413.116705,   15.240000
7413.116705,    0.000000
