Fuel used, Altitude
   0.000000,    0.000000
  37.538415,   10.668000
 834.630068, 9144.000000
1451.289992, 9144.000000
1452.841485,  457.200000
1723.728531, 4572.000000
2395.424517, 4572.000000
2416.995167,  457.200000
2539.541662,  457.200000
2539.510049,   15.240000
2539.510049,    0.000000
