Fuel used, Altitude
   0.000000,    0.000000
  42.607601,   10.668000
1294.528094, 9144.000000
7661.226682, 9144.000000
7885.310610,  457.200000
8165.927417, 4572.000000
8363.776467, 4572.000000
8437.890179,  457.200000
9341.225915,  457.200000
9346.947704,   15.240000
9346.947704,    0.000000
