Altitude, Fuel  used
   0.000000,    0.000000
1295.400000,   49.375999
2590.800000,   97.832598
3886.200000,  155.191914
5181.600000,  253.205261
