Distance, Altitude
   0.000000, 17000.000000
  13.473526, 12762.500000
  26.046655, 8525.000000
  37.804420, 4287.500000
  48.821550,   50.000000
