Maximum Climb Angle, Altitude
   0.000000, 4253.323624
  -0.007984, 5181.600000
   0.003403, 3886.200000
   0.013737, 2590.800000
   0.018938, 1295.400000
   0.024199,    0.000000
