Time, Thrust
   0.000000, -3188.840894
   3.439029, -3899.923727
   6.763698, -4699.868204
   9.987218, -5491.163333
  13.316045, -6284.193112
