Time, Thrust
   0.000000,    0.000000
   5.250000, 14683.183719
  10.500000, 11670.070306
  15.750000, 8723.612219
  21.000000, 5813.071451
