Time, Thrust
   0.000000,    0.000000
   5.250000, 50973.824327
  10.500000, 62282.993396
  15.750000, 73672.078193
  21.000000, 85342.429292
