Time, Thrust
   0.000000, 47876.797935
   3.439029, 58188.512795
   6.763698, 69600.639137
   9.987218, 80812.547808
  13.316045, 92270.202440
