Fuel used, Altitude
   0.000000,    0.000000
   7.283367,   10.668000
 194.468980, 5181.600000
 369.191556, 5181.600000
 426.478112,  457.200000
 505.582053, 3048.000000
 765.188765, 3048.000000
 797.380886,  457.200000
 935.151660,  457.200000
 940.614240,   15.240000
 941.048029,    0.000000
