alpha body, Neutral Point
 -10.000000,    0.242067
  -9.090909,    0.252021
  -8.181818,    0.272049
  -7.272727,    0.292180
  -6.363636,    0.311986
  -5.454545,    0.330782
  -4.545455,    0.349070
  -3.636364,    0.364468
  -2.727273,    0.372712
  -1.818182,    0.391104
  -0.909091,    0.412508
  -0.000000,    0.422394
   0.909091,    0.432000
   1.818182,    0.441519
   2.727273,    0.450689
   3.636364,    0.459190
