alpha body, Neutral Point
 -10.000000,    0.242068
  -9.090909,    0.252021
  -8.181818,    0.272050
  -7.272727,    0.292180
  -6.363636,    0.311985
  -5.454545,    0.330782
  -4.545455,    0.349069
  -3.636364,    0.364467
  -2.727273,    0.372711
  -1.818182,    0.391102
  -0.909091,    0.412505
  -0.000000,    0.422392
   0.909091,    0.431998
   1.818182,    0.441516
   2.727273,    0.450685
   3.636364,    0.459186
   4.545455,    0.466812
   5.454545,    0.474060
