Maximum Rate of Climb, Altitude
   0.000000, -7088.328503
   4.025345, 10668.000000
   3.446650, 8115.300000
   3.155690, 5562.600000
   3.304075, 3009.900000
   5.770114,  457.200000
