Time, Altitude
   0.000000,    0.000000
   0.007194,   10.668000
   0.433447, 9144.000000
   4.282087, 9144.000000
   4.598754,  457.200000
   4.691500, 4572.000000
   4.960952, 4572.000000
   5.110952,  457.200000
   5.610952,  457.200000
   5.627063,   15.240000
   5.630966,    0.000000
