Fuel used, Altitude
   0.000000, 17000.000000
  40.128410, 12762.500000
  76.882213, 8525.000000
 110.325253, 4287.500000
 140.116037,   50.000000
