Maximum Rate of Climb, Altitude
   0.000000, 16754.272484
 -11.839725, 17000.000000
 192.935196, 12750.000000
 351.275354, 8500.000000
 409.985119, 4250.000000
 461.201234,    0.000000
