Maximum Rate of Climb, Altitude
   0.000000, 15850.311480
 -54.851281, 17000.000000
 147.914894, 12750.000000
 304.760288, 8500.000000
 364.394811, 4250.000000
 415.804791,    0.000000
