Maximum Climb Angle, Altitude
   0.000000, 8836.907685
   0.044237, 5181.600000
   0.063909, 3886.200000
   0.084431, 2590.800000
   0.104978, 1295.400000
   0.119266,    0.000000
