Maximum Climb Angle, Altitude
   0.000000, 7814.907874
   0.027638, 5181.600000
   0.044471, 3886.200000
   0.062399, 2590.800000
   0.080857, 1295.400000
   0.092369,    0.000000
