Maximum Climb Angle, Altitude
   0.000000, 8836.728390
   0.044234, 5181.600000
   0.063905, 3886.200000
   0.084427, 2590.800000
   0.104973, 1295.400000
   0.119261,    0.000000
