Fuel used, Altitude
   0.000000, 9144.000000
  59.243489, 6972.300000
 120.682901, 4800.600000
 179.969831, 2628.900000
 241.747044,  457.200000
