Fuel used, Altitude
   0.000000, 9144.000000
 183.287572, 6972.300000
 317.033947, 4800.600000
 387.288157, 2628.900000
 458.136725,  457.200000
