Maximum Climb Angle, Altitude
   0.000000, 13721.903057
   0.063277, 7620.000000
   0.091343, 5715.000000
   0.117053, 3810.000000
   0.137986, 1905.000000
   0.166916,    0.000000
