Maximum Rate of Climb, Altitude
   0.000000, 14103.572178
   8.109803, 7620.000000
  10.492621, 5715.000000
  12.114014, 3810.000000
  12.672369, 1905.000000
  13.904051,    0.000000
