Fuel used, Altitude
   0.000000,    0.000000
  21.060159,   35.000000
 519.980637, 17000.000000
5220.183538, 17000.000000
5389.982777,   50.000000
5389.982778,   50.000000
5389.982778,   50.000000
5389.982778,   50.000000
5389.982778,   50.000000
5389.982778,   50.000000
5390.967571,    0.000000
