Maximum Climb Angle, Altitude
   0.000000, 13873.942108
   0.063564, 8229.600000
   0.095079, 6286.500000
   0.126684, 4343.400000
   0.150321, 2400.300000
   0.179468,  457.200000
