Range, Payload
   0.000000,   72.000000
1862.930300,   72.000000
2140.621066,   68.000000
3254.185923,   52.000000
3486.556861,    0.000000
