Range, Payload
   0.000000,   72.000000
1858.903559,   72.000000
2136.034605,   68.000000
3247.395950,   52.000000
3486.286401,    0.000000
