Range, Altitude
   0.000000,    0.000000
   1.061555,   10.668000
 144.011164, 7620.000000
2007.468820, 7620.000000
2145.179336,  457.200000
2172.464521, 3048.000000
2357.664521, 3048.000000
2400.241785,  457.200000
2400.241785,  457.200000
2406.884370,   15.240000
2407.597090,    0.000000
