Maximum Climb Angle, Altitude
   0.000000, 14103.572178
   0.064459, 7620.000000
   0.092507, 5715.000000
   0.117812, 3810.000000
   0.138617, 1905.000000
   0.167556,    0.000000
