Fuel used, Altitude
   0.000000, 5181.600000
  17.956059, 3890.010000
  34.375417, 2598.420000
  49.290126, 1306.830000
  62.542721,   15.240000
