V (EAS), 
  90.988994,    0.000000
  90.988994,    1.000000
  95.176647,    1.094165
  99.364300,    1.192567
 103.551953,    1.295206
 107.739605,    1.402081
 111.927258,    1.513192
 116.114911,    1.628539
 120.302564,    1.748123
 124.490217,    1.871943
 128.677869,    2.000000
 159.633182,    2.000000
 159.633182,    0.000000
