V (EAS), 
   0.000000,    1.000000
 156.213903,    1.519961
 156.213903,    0.480039
   0.000000,    1.000000
