V (EAS), 
   0.000000,    1.000000
 187.731408,    2.080095
 285.960232,    2.645246
   0.000000,    1.000000
 285.960232,    2.645246
 357.450290,    1.987850
   0.000000,    1.000000
 357.450290,    1.987850
 357.450290,    0.012150
   0.000000,    1.000000
 357.450290,    0.012150
 285.960232,   -0.645246
   0.000000,    1.000000
 285.960232,   -0.645246
 285.960232,   -0.645246
 148.253859,   -0.080095
   0.000000,    1.000000
