V (EAS), 
   0.000000,    1.000000
 159.631374,    1.463573
 159.631374,    0.536427
   0.000000,    1.000000
