V (EAS), 
   0.000000,    1.000000
 190.496146,    1.956227
 261.094125,    2.310605
   0.000000,    1.000000
 261.094125,    2.310605
 326.367656,    1.786922
   0.000000,    1.000000
 326.367656,    1.786922
 326.367656,    0.213078
   0.000000,    1.000000
 326.367656,    0.213078
 261.094125,   -0.310605
   0.000000,    1.000000
 261.094125,   -0.310605
 261.094125,   -0.310605
 147.557680,    0.043773
   0.000000,    1.000000
