Rate of Descent, Altitude
2072.446457, 30000.000000
2072.145465, 22875.000000
2142.192598, 15750.000000
2212.690770, 8625.000000
2142.883118, 1500.000000
