Time, Altitude
   0.000000,    0.000000
   4.426210, 2819.400000
  11.887568, 5638.800000
  31.386581, 8458.200000
  29.843462, 11277.600000
