Time, Altitude
   0.000000,  457.200000
   3.521928, 3009.900000
   8.503262, 5562.600000
  18.473703, 8115.300000
 -60.800586, 10668.000000
