Time, Altitude
   0.000000,    0.000000
   3.719524, 2819.400000
   8.808290, 5638.800000
  17.227626, 8458.200000
  46.099589, 11277.600000
