Time, Altitude
   0.000000,  457.200000
   3.506555, 3009.900000
   8.220837, 5562.600000
  15.625250, 8115.300000
  34.554422, 10668.000000
