Fuel used, Altitude
   0.000000, 17000.000000
  47.780318, 12762.500000
  91.601592, 8525.000000
 131.894033, 4287.500000
 169.475093,   50.000000
