Fuel used, Altitude
   0.000000,    0.000000
  34.158008,   35.000000
 915.769843, 25000.000000
6848.964601, 25000.000000
7064.852466, 1500.000000
7286.063775, 10000.000000
8002.256702, 10000.000000
8086.565115, 1500.000000
8824.480389, 1500.000000
8840.075425,   50.000000
8841.132310,    0.000000
