Range, Payload
   0.000000,  130.000000
1286.194275,  130.000000
1286.170221,  130.000000
2798.535633,   76.000000
3112.981901,    0.000000
