Maximum Rate of Climb, Altitude
   0.000000, 40218.241216
1109.428715, 25000.000000
1537.723523, 19125.000000
1835.543346, 13250.000000
1955.082183, 7375.000000
2144.859967, 1500.000000
