Maximum Rate of Climb, Altitude
   0.000000, 44001.284294
1513.420031, 25000.000000
2011.221919, 18750.000000
2322.213220, 12500.000000
2433.253305, 6250.000000
2679.893557,    0.000000
