Fuel used, Altitude
   0.000000, 10058.400000
  48.056093, 7658.100000
 140.383931, 5257.800000
 226.479832, 2857.500000
 308.505652,  457.200000
