Fuel used, Altitude
   0.000000, 9144.000000
  38.614574, 6972.300000
  92.864888, 4800.600000
 158.032613, 2628.900000
 228.520231,  457.200000
