Fuel used, Altitude
   0.000000, 5181.600000
  18.201941, 3890.010000
  34.873185, 2598.420000
  50.042693, 1306.830000
  63.555565,   15.240000
