Fuel used, Altitude
   0.000000, 5181.600000
  18.233245, 3890.010000
  34.935068, 2598.420000
  50.132803, 1306.830000
  63.670717,   15.240000
