Range, Payload
   0.000000,   77.000000
 436.140549,   77.000000
 722.514029,   68.000000
1350.809154,   48.000000
1490.162360,    0.000000
