Range, Payload
   0.000000,   77.000000
 445.449530,   77.000000
 741.884737,   68.000000
1394.882745,   48.000000
1552.649359,    0.000000
