Time, Altitude
   0.000000, 33000.000000
   5.250000, 25125.000000
  10.500000, 17250.000000
  15.750000, 9375.000000
  21.000000, 1500.000000
