Cl, Efficiency
   0.367275,    3.262643
   0.455016,    4.199578
   0.542638,    5.177581
   0.630131,    6.187411
   0.717491,    7.217637
   0.804723,    8.246346
   0.891839,    9.231030
   0.978830,   10.159747
   1.065691,   11.017678
   1.152775,   11.792373
   1.239442,   12.456136
   1.325985,   12.992076
   1.412405,   13.396934
   1.498698,   13.682261
   1.584864,   13.772732
   1.670901,   13.818117
