Cl, Efficiency
   0.371795,    3.303182
   0.460133,    4.247376
   0.548324,    5.232655
   0.636361,    6.249797
   0.724237,    7.288262
   0.811957,    8.324083
   0.899538,    9.315057
   0.986968,   10.249717
   1.074242,   11.114731
   1.161715,   11.894034
   1.248742,   12.560629
   1.335621,   13.101627
   1.422353,   13.510867
   1.508932,   13.796278
   1.595358,   13.969132
   1.681631,   14.027993
   1.767755,   13.919045
   1.853737,   13.795657
