Cl, Efficiency
  -0.074318,   -0.649688
