Altitude, Fuel  used
   0.000000,    0.000000
4250.000000,   47.340342
8500.000000,   92.736441
12750.000000,  143.533049
17000.000000,  215.548258
