Fuel used, Altitude
   0.000000, 33000.000000
 105.945550, 25125.000000
 309.493590, 17250.000000
 499.302562, 9375.000000
 680.138540, 1500.000000
