Altitude, Fuel  used
   0.000000,    0.000000
4250.000000,   50.368379
8500.000000,  100.175776
12750.000000,  159.855927
17000.000000,  267.219581
