Time, Altitude
   0.000000, 27000.000000
   4.491667, 20262.500000
   8.983333, 13525.000000
  13.475000, 6787.500000
  17.966667,   50.000000
