CLh_e, CDh_e
  -0.097640,    0.006420
  -0.601854,    0.006550
  -1.106592,    0.015790
