CLh_e, CDh_e
  -0.049120,    0.006420
  -0.632420,    0.006671
  -1.216206,    0.015790
