Maximum Rate of Climb, Altitude
  -2.203700, 9144.000000
   0.711619, 6972.300000
   3.378762, 4800.600000
   5.766025, 2628.900000
   7.944343,  457.200000
