Fuel used, Altitude
   0.000000,    0.000000
   7.447523,   10.668000
 206.482725, 5181.600000
 372.868865, 5181.600000
 430.977564,  457.200000
 512.787120, 3048.000000
 772.886465, 3048.000000
 805.564654,  457.200000
 949.873352,  457.200000
 955.423651,   15.240000
 955.863634,    0.000000
