V (EAS), 
   0.000000,    1.000000
 169.617569,    1.414343
 169.617569,    0.585657
   0.000000,    1.000000
