Maximum Rate of Climb, Altitude
   0.000000, 27413.528297
 697.896713, 17000.000000
 982.724386, 12750.000000
1237.224405, 8500.000000
1465.327088, 4250.000000
1533.343945,    0.000000
