Distance, Altitude
   0.000000, 5181.600000
  24.952969, 3890.010000
  48.238405, 2598.420000
  70.013786, 1306.830000
  90.417511,   15.240000
