Range, Altitude
   0.000000,    0.000000
   0.482258,   35.000000
  39.943957, 17000.000000
 112.469495, 17000.000000
 157.472064, 1500.000000
 173.075384, 10000.000000
 260.075384, 10000.000000
 283.065268, 1500.000000
 283.065268, 1500.000000
 286.651977,   50.000000
 286.999934,    0.000000
