Range, Altitude
   0.000000,    0.000000
   0.482218,   35.000000
  39.942317, 17000.000000
 112.470050, 17000.000000
 157.472619, 1500.000000
 173.075388, 10000.000000
 260.075388, 10000.000000
 283.065272, 1500.000000
 283.065272, 1500.000000
 286.651981,   50.000000
 286.999934,    0.000000
