Maximum Rate of Climb, Altitude
   0.000000, 12127.931540
   1.002327, 11277.600000
   4.325689, 8458.200000
   7.863563, 5638.800000
  11.183117, 2819.400000
  14.515725,    0.000000
