Maximum Rate of Climb, Altitude
   0.000000, 11906.926757
   1.490998, 10668.000000
   4.563069, 8115.300000
   7.756529, 5562.600000
  10.788623, 3009.900000
  13.860092,  457.200000
