Time, Altitude
   0.000000,  457.200000
   2.878898, 1638.300000
   6.192046, 2819.400000
  10.368753, 4000.500000
  16.197671, 5181.600000
