Range, Payload
   0.000000,   72.000000
1940.328069,   72.000000
2220.173365,   68.000000
3332.270188,   52.000000
3506.293798,    0.000000
