CL_e, delta_e_eq
   0.367275,   -2.754866
   0.455016,   -3.516523
   0.542638,   -4.295934
   0.630131,   -5.095075
   0.717491,   -5.920497
   0.804723,   -6.765035
   0.891839,   -7.626724
   0.978830,   -8.518928
   1.065691,   -9.466536
   1.152775,  -10.405822
   1.239442,  -11.397881
   1.325985,  -12.559535
   1.412405,  -13.788669
   1.498698,  -15.084511
   1.584864,  -22.252309
   1.670901,  -25.000000
