CL_e, delta_e_eq
  -0.016371,  -25.000000
