CL_e, delta_e_eq
   0.371795,   -2.088822
   0.460133,   -2.762684
   0.548324,   -3.458091
   0.636361,   -4.176325
   0.724237,   -4.918243
   0.811957,   -5.689348
   0.899538,   -6.481917
   0.986968,   -7.296949
   1.074242,   -8.122573
   1.161715,   -8.985726
   1.248742,   -9.920449
   1.335621,  -10.865235
   1.422353,  -11.854174
   1.508932,  -13.035785
   1.595358,  -14.231250
   1.681631,  -16.438586
   1.767755,  -23.569441
   1.853737,  -25.000000
