Altitude, Fuel  used
 457.200000,    0.000000
2400.300000,   63.267500
4343.400000,  123.144779
6286.500000,  175.746863
8229.600000,  227.457703
