Altitude, Fuel  used
1500.000000,    0.000000
5375.000000,   48.089566
9250.000000,   99.827191
13125.000000,  159.325003
17000.000000,  234.983772
