Distance, Altitude
   0.000000, 11887.200000
  86.536503, 8919.210000
 157.521339, 5951.220000
 217.337866, 2983.230000
 268.375004,   15.240000
