Altitude, Fuel  used
   0.000000,    0.000000
1905.000000,  112.222365
3810.000000,  220.335518
5715.000000,  321.270685
7620.000000,  416.566648
