Range, Payload
   0.000000,   72.000000
1034.905756,   72.000000
1185.642379,   68.000000
1784.644075,   52.000000
1888.675121,    0.000000
