Range, Payload
   0.000000,   72.000000
1047.693342,   72.000000
1198.797713,   68.000000
1799.281959,   52.000000
1893.247191,    0.000000
