Time, Altitude
   0.000000,    0.000000
   0.480365,   10.668000
  19.834715, 7620.000000
 214.103724, 7620.000000
 229.770391,  457.200000
 234.052898, 3048.000000
 253.104620, 3048.000000
 258.771287,  457.200000
 288.771287,  457.200000
 289.737953,   15.240000
 289.918857,    0.000000
