Maximum Climb Angle, Altitude
   0.000000, 8899.914409
   0.004705, 7620.000000
   0.012787, 5715.000000
   0.027958, 3810.000000
   0.036328, 1905.000000
   0.051536,    0.000000
