Maximum Climb Angle, Altitude
   0.000000, 6771.713825
  -0.007697, 7620.000000
   0.010859, 5715.000000
   0.034193, 3810.000000
   0.051360, 1905.000000
   0.061895,    0.000000
