Maximum Climb Angle, Altitude
   0.000000, 31896.121837
   0.007433, 25000.000000
   0.015522, 18750.000000
   0.030775, 12500.000000
   0.039220, 6250.000000
   0.054476,    0.000000
