Mach, Specific Range
   0.305819,    0.334103
   0.315805,    0.307861
   0.325399,    0.284444
   0.334623,    0.263888
   0.340401,    0.247461
