Mach, Specific Range
   0.317067,    0.330795
   0.324039,    0.305054
   0.333437,    0.281814
   0.342472,    0.261442
   0.350309,    0.244835
