Range, Payload
   0.000000,   77.000000
 824.972529,   77.000000
1373.970533,   68.000000
2583.322844,   48.000000
2875.506613,    0.000000
