Mach, Specific Range
   0.301803,    0.350419
   0.311950,    0.323466
   0.318987,    0.300768
   0.325598,    0.278973
   0.334555,    0.259835
