Mach, Specific Range
   0.294628,    0.350181
   0.302045,    0.323222
   0.311977,    0.299781
   0.316254,    0.279716
   0.325376,    0.260697
