Time, Altitude
   0.000000,    0.000000
   0.402162,   35.000000
  14.034805, 17000.000000
  27.245975, 17000.000000
  37.579308, 1500.000000
  42.714529, 10000.000000
  60.131842, 10000.000000
  65.798508, 1500.000000
 110.798508, 1500.000000
 111.765175,   50.000000
 111.931206,    0.000000
