Time, Altitude
   0.000000,    0.000000
   0.401489,   35.000000
  14.055089, 17000.000000
  27.235541, 17000.000000
  37.568874, 1500.000000
  42.703608, 10000.000000
  60.108464, 10000.000000
  65.775131, 1500.000000
 110.775131, 1500.000000
 111.741797,   50.000000
 111.907870,    0.000000
