Time, Altitude
   0.000000,    0.000000
   2.430473, 6250.000000
   5.134063, 12500.000000
   8.325800, 18750.000000
  12.486990, 25000.000000
