Time, Altitude
   0.000000,    0.000000
   2.394479, 6250.000000
   4.957670, 12500.000000
   7.781104, 18750.000000
  11.251580, 25000.000000
