Range, Payload
   0.000000,  150.000000
5783.364705,  150.000000
6964.911268,  150.000000
6958.994385,  135.000000
8003.462066,    0.000000
