Xcg/c, Mass
  21.369836, 17388.000000
  54.284755, 23170.000000
