Xcg/c, Mass
  58.591546, 22196.643086
  55.191098, 26880.522924
