Xcg/c, Mass
  66.106965, 17019.190637
  42.754565, 15115.430217
