Xcg/c, Mass
  21.462529, 17388.000000
  54.362014, 23170.000000
