Xcg/c, Mass
  20.849726, 12858.143293
  25.686292, 17695.059860
