Xcg/c, Mass
  65.512574, 17198.133757
  42.353683, 15323.090960
