Xcg/c, Mass
  47.505494, 14538.000000
  33.490022, 16244.000000
