Xcg/c, Mass
  38.072903, 16639.190637
  51.995371, 21955.430217
