Xcg/c, Mass
  50.013977, 21686.285371
  47.791117, 27217.901064
