Xcg/c, Mass
  31.227275, 16259.619158
  41.667249, 21955.927509
