Xcg/c, Mass
  37.763362, 16818.133757
  51.624243, 22163.090960
