Xcg/c, Mass
  65.626401, 17113.797780
  42.356058, 15225.220353
