Xcg/c, Mass
  34.665076, 14669.787344
  35.795064, 19695.017060
