Xcg/c, Mass
  31.832492, 20202.143293
  41.724099, 25039.059860
