Xcg/c, Mass
  42.051749, 21605.787344
  41.493581, 26631.017060
