Xcg/c, Mass
  42.034221, 21977.419924
  49.052485, 27088.775556
