Xcg/c, Mass
  20.623898, 20288.265754
  32.494469, 25145.742551
