Xcg/c, Mass
  54.705220, 15396.643086
  51.059760, 20080.522924
