Xcg/c, Mass
   3.354946, 12944.265754
  12.956681, 17801.742551
