Time, Altitude
   0.000000, 1500.000000
   2.878898, 5375.000000
   6.192046, 9250.000000
  10.368753, 13125.000000
  16.197671, 17000.000000
