Maximum Rate of Climb, Altitude
   0.000000, 14889.281159
-113.424758, 17000.000000
 114.959625, 12750.000000
 289.012958, 8500.000000
 357.099058, 4250.000000
 414.329315,    0.000000
