Maximum Rate of Climb, Altitude
   0.000000, 14888.713957
-113.373181, 17000.000000
 114.846023, 12750.000000
 288.763713, 8500.000000
 356.409394, 4250.000000
 414.090779,    0.000000
