Time, Altitude
   0.000000,    0.000000
   0.390646,   35.000000
  13.419252, 27000.000000
 172.209450, 27000.000000
 189.209450, 1500.000000
 192.024554, 10000.000000
 209.789159, 10000.000000
 215.455825, 1500.000000
 260.455825, 1500.000000
 261.422492,   50.000000
 261.782092,    0.000000
