Maximum Climb Angle, Altitude
  -0.013162, 9144.000000
   0.004785, 6972.300000
   0.025555, 4800.600000
   0.047792, 2628.900000
   0.073340,  457.200000
