Fuel used, Altitude
   0.000000, 5181.600000
  21.946210, 3890.010000
  42.310884, 2598.420000
  61.180669, 1306.830000
  78.430305,   15.240000
