Maximum Rate of Climb, Altitude
   0.000000, 3967.418261
  -1.129951, 5181.600000
   0.075584, 3886.200000
   0.988387, 2590.800000
   1.375123, 1295.400000
   1.691985,    0.000000
