Maximum Climb Angle, Altitude
   0.000000, 9982.181326
   0.008367, 7620.000000
   0.016440, 5715.000000
   0.031649, 3810.000000
   0.039995, 1905.000000
   0.055245,    0.000000
