Altitude, Fuel  used
   0.000000,    0.000000
1295.400000,   48.022940
2590.800000,   94.427698
3886.200000,  147.286812
5181.600000,  226.360931
