Time, Altitude
   0.000000,    0.000000
   0.449971,   35.000000
  18.880803, 30000.000000
  44.076949, 30000.000000
  63.076949, 1500.000000
  69.173496, 15000.000000
  84.891594, 15000.000000
  93.891594, 1500.000000
 123.891594, 1500.000000
 124.858261,   50.000000
 125.129166,    0.000000
