Maximum Climb Angle, Altitude
   0.000000, 37880.037162
   0.034720, 25000.000000
   0.055857, 19125.000000
   0.075874, 13250.000000
   0.091877, 7375.000000
   0.112033, 1500.000000
