CLe, Static Stability Margin
   0.367275,    0.007933
   0.455016,   -0.002021
   0.542638,   -0.022049
   0.630131,   -0.042180
   0.717491,   -0.061986
   0.804723,   -0.080782
   0.891839,   -0.099070
   0.978830,   -0.114468
   1.065691,   -0.122712
   1.152775,   -0.141104
   1.239442,   -0.162508
   1.325985,   -0.172394
   1.412405,   -0.182000
   1.498698,   -0.191519
   1.584864,   -0.200689
   1.670901,   -0.209190
