CLe, Static Stability Margin
   0.371795,    0.056909
   0.460133,    0.046106
   0.548324,    0.024328
   0.636361,    0.002362
   0.724237,   -0.019300
   0.811957,   -0.039858
   0.899538,   -0.059899
   0.986968,   -0.077193
   1.074242,   -0.087431
   1.161715,   -0.107703
   1.248742,   -0.130937
   1.335621,   -0.142737
   1.422353,   -0.154288
   1.508932,   -0.165790
   1.595358,   -0.176957
   1.681631,   -0.187434
   1.767755,   -0.196973
   1.853737,   -0.206139
