Fuel used, Altitude
   0.000000, 17000.000000
  44.163671, 13125.000000
  86.452069, 9250.000000
 126.210983, 5375.000000
 164.143592, 1500.000000
