Time, Altitude
   0.000000,    0.000000
   3.039138, 4250.000000
   6.629504, 8500.000000
  11.661038, 12750.000000
  21.730355, 17000.000000
