Time, Altitude
   0.000000,    0.000000
   2.996807, 4250.000000
   6.387152, 8500.000000
  10.643021, 12750.000000
  16.631200, 17000.000000
