Time, Thrust
   0.000000, 16097.100046
   2.615839, 18571.105167
   5.209448, 20894.369491
   7.740396, 23318.589109
  10.236663, 24774.113102
