Altitude, Fuel  used
   0.000000,    0.000000
4250.000000,   49.375999
8500.000000,   97.832598
12750.000000,  155.191914
17000.000000,  253.205261
