Maximum Rate of Climb, Altitude
   0.000000, 8167.126635
   3.372920, 5181.600000
   4.836407, 3886.200000
   6.145314, 2590.800000
   7.343473, 1295.400000
   7.684586,    0.000000
