Time, Altitude
   0.000000,    0.000000
   0.480365,   35.000000
  19.834715, 25000.000000
 214.103724, 25000.000000
 229.770391, 1500.000000
 234.052898, 10000.000000
 253.104620, 10000.000000
 258.771287, 1500.000000
 288.771287, 1500.000000
 289.737953,   50.000000
 289.918857,    0.000000
