Time, Altitude
   0.000000,  457.200000
   2.909242, 2247.900000
   6.180636, 4038.600000
  10.186028, 5829.300000
  15.782349, 7620.000000
