Time, Altitude
   0.000000,  457.200000
   2.872048, 2247.900000
   5.974886, 4038.600000
   9.485521, 5829.300000
  14.043571, 7620.000000
