Time, Altitude
   0.000000,    0.000000
   0.392684,   10.668000
  13.168382, 5181.600000
  27.021098, 5181.600000
  37.354431,  457.200000
  42.317600, 3048.000000
  59.679412, 3048.000000
  65.346078,  457.200000
 110.346078,  457.200000
 111.312745,   15.240000
 111.476487,    0.000000
