Time, Altitude
   0.000000,    0.000000
   0.393290,   10.668000
  13.172364, 5181.600000
  27.025410, 5181.600000
  37.358743,  457.200000
  42.322540, 3048.000000
  59.710637, 3048.000000
  65.377303,  457.200000
 110.377303,  457.200000
 111.343970,   15.240000
 111.507664,    0.000000
