V (EAS), 
   0.000000,    1.000000
 175.458765,    1.437601
 175.458765,    0.562399
   0.000000,    1.000000
