Range, Payload
   0.000000,   90.000000
 772.934056,   90.000000
1017.281664,   82.000000
1326.359466,   72.000000
1513.129804,    0.000000
