Range, Payload
   0.000000,   72.000000
1005.901890,   72.000000
1155.842908,   68.000000
1757.119829,   52.000000
1882.590098,    0.000000
