Time, Altitude
   0.000000,    0.000000
   0.007077,   10.668000
   0.208536, 5181.600000
   0.468804, 5181.600000
   0.641026,  457.200000
   0.725486, 3048.000000
   1.037430, 3048.000000
   1.131874,  457.200000
   1.881874,  457.200000
   1.897985,   15.240000
   1.900707,    0.000000
