Time, Altitude
   0.000000,    0.000000
   0.007077,   10.668000
   0.208544, 5181.600000
   0.468803, 5181.600000
   0.641025,  457.200000
   0.725488, 3048.000000
   1.037431, 3048.000000
   1.131875,  457.200000
   1.881875,  457.200000
   1.897987,   15.240000
   1.900708,    0.000000
