Time, Altitude
   0.000000, 11277.600000
   6.158333, 8462.010000
  12.316667, 5646.420000
  18.475000, 2830.830000
  24.633333,   15.240000
