Range, Altitude
   0.000000,    0.000000
   0.642258,   35.000000
 233.971172, 33000.000000
1425.583847, 33000.000000
1534.872792, 1500.000000
1557.450993, 15000.000000
1657.450993, 15000.000000
1695.845816, 1500.000000
1695.845816, 1500.000000
1699.432525,   50.000000
1699.995837,    0.000000
