Range, Altitude
   0.000000,    0.000000
   0.534308,   35.000000
  98.215269, 30000.000000
 239.921039, 30000.000000
 335.369886, 1500.000000
 357.460976, 15000.000000
 457.460976, 15000.000000
 495.855799, 1500.000000
 495.855799, 1500.000000
 499.442508,   50.000000
 499.999935,    0.000000
