Range, Altitude
   0.000000,    0.000000
   0.593152,   35.000000
 161.552001, 30000.000000
1486.592659, 30000.000000
1599.435227, 1500.000000
1621.531955, 15000.000000
1649.796376, 15000.000000
1695.193725, 1500.000000
1695.193725, 1500.000000
1699.435227,   50.000000
1700.000000,    0.000000
