Range, Altitude
   0.000000,    0.000000
   0.631440,   35.000000
 218.935760, 33000.000000
1425.913303, 33000.000000
1535.202248, 1500.000000
1557.454956, 15000.000000
1657.454956, 15000.000000
1695.849779, 1500.000000
1695.849779, 1500.000000
1699.436488,   50.000000
1699.995872,    0.000000
