Range, Masses
   0.000000, 37555.746363
1960.448565, 37555.746363
2436.803961, 32143.397827
3053.436386, 25207.655058
3281.528788,    0.000000
