Range, Masses
   0.000000, 37555.746363
1960.448565, 63155.824248
2436.803961, 63155.824248
3053.436386, 63155.824248
3281.528788, 37948.169190
