Range, Payload
   0.000000,  157.000000
1960.448565,  157.000000
2436.803961,  135.000000
3053.436386,  106.000000
3281.528788,    0.000000
