Maximum Climb Angle, Altitude
   0.000000, 17933.923165
  -0.007747, 25000.000000
  -0.002320, 19125.000000
   0.010164, 13250.000000
   0.016092, 7375.000000
   0.026339, 1500.000000
