Maximum Climb Angle, Altitude
   0.000000, 16682.177098
  -0.010369, 25000.000000
  -0.004939, 19125.000000
   0.007683, 13250.000000
   0.013720, 7375.000000
   0.024025, 1500.000000
