Time, Altitude
   0.000000, 1500.000000
   1.543545, 8625.000000
   3.387320, 15750.000000
   5.754386, 22875.000000
   9.189718, 30000.000000
