Time, Altitude
   0.000000, 1500.000000
   1.491239, 8625.000000
   3.297713, 15750.000000
   5.644639, 22875.000000
   9.070176, 30000.000000
