Maximum Rate of Climb, Altitude
   0.000000, 45019.366984
1559.297988, 25000.000000
2046.107208, 18750.000000
2353.698474, 12500.000000
2461.910540, 6250.000000
2706.145931,    0.000000
