Altitude, Fuel  used
   0.000000,    0.000000
1295.400000,   50.368379
2590.800000,  100.175776
3886.200000,  159.855927
5181.600000,  267.219581
