V (EAS), 
   0.000000,    1.000000
 100.917455,    1.348745
 100.917455,    0.651255
   0.000000,    1.000000
