Time, Altitude
   0.000000,    0.000000
   3.196057, 4250.000000
   6.711513, 8500.000000
  11.022009, 12750.000000
  16.872418, 17000.000000
