Time, Altitude
   0.000000,    0.000000
   3.107975, 4250.000000
   6.602817, 8500.000000
  10.908181, 12750.000000
  16.699591, 17000.000000
