Time, Altitude
   0.000000,    0.000000
   0.431628,   35.000000
  26.006811, 30000.000000
 256.925214, 30000.000000
 275.925214, 1500.000000
 281.489988, 15000.000000
 297.657097, 15000.000000
 306.657097, 1500.000000
 336.657097, 1500.000000
 337.623764,   50.000000
 337.857980,    0.000000
