Time, Altitude
   0.000000, 17000.000000
   2.825000, 12762.500000
   5.650000, 8525.000000
   8.475000, 4287.500000
  11.300000,   50.000000
