Mach, Specific Range
   0.309056,    0.332082
   0.316237,    0.305925
   0.325837,    0.282648
   0.332127,    0.264015
   0.340851,    0.245889
