Mach, Specific Range
   0.317488,    0.328854
   0.327211,    0.302654
   0.336550,    0.279615
   0.342276,    0.261258
   0.350753,    0.243361
