Maximum Rate of Climb, Altitude
   0.000000, 17500.439479
  24.387505, 17000.000000
 231.499252, 12750.000000
 390.586517, 8500.000000
 448.574012, 4250.000000
 499.555496,    0.000000
