Maximum Rate of Climb, Altitude
   0.000000, 12333.342975
-253.775309, 17000.000000
 -17.808970, 12750.000000
 163.846730, 8500.000000
 241.451899, 4250.000000
 304.203691,    0.000000
