Maximum Climb Angle, Altitude
   0.000000, 27413.528297
   0.032951, 17000.000000
   0.050107, 12750.000000
   0.068342, 8500.000000
   0.087060, 4250.000000
   0.098828,    0.000000
