Xcg/c, Mass
 -16.911354, 35016.218169
  -4.621006, 53788.348543
