Xcg/c, Mass
   5.556195, 35016.218169
  10.005370, 53788.348543
