Xcg/c, Mass
  31.340602, 51997.173271
  28.554455, 63801.392401
