Xcg/c, Mass
   5.739391, 48666.218169
   9.237027, 67438.348543
