Xcg/c, Mass
  29.203147, 55732.105766
  26.812750, 68382.340548
