Xcg/c, Mass
   1.982988, 37737.297474
   6.277551, 53937.297474
