Xcg/c, Mass
 -13.080150, 38158.246037
  -3.950879, 55106.721175
