Xcg/c, Mass
  17.645843, 37999.140632
  17.322481, 49803.759515
