Xcg/c, Mass
  26.125909, 52399.143061
  23.485595, 72607.857674
