Xcg/c, Mass
  17.724134, 39232.105766
  17.372401, 51882.340548
