Xcg/c, Mass
  12.621340, 38665.463183
  14.570069, 58841.907538
