Xcg/c, Mass
  21.905196, 48666.218169
  20.902920, 67438.348543
