Xcg/c, Mass
  31.336807, 51999.140632
  28.551371, 63803.759515
