Xcg/c, Mass
  18.415421, 51387.297474
  17.903959, 67587.297474
