Xcg/c, Mass
  31.328557, 52029.225746
  28.544637, 63840.730134
