Xcg/c, Mass
  12.838714, 38749.143061
  14.141501, 58957.857674
