Xcg/c, Mass
  25.986505, 52315.463183
  23.848410, 72491.907538
