Xcg/c, Mass
   6.159160, 32908.246037
   9.013195, 47546.721175
