Xcg/c, Mass
  18.415405, 51387.109554
  17.903946, 67587.109554
