Xcg/c, Mass
  31.394189, 51243.116171
  28.598098, 62876.306288
