V (EAS), 
   0.000000,    1.000000
 176.250512,    1.447541
 176.250512,    0.552459
   0.000000,    1.000000
