Maximum Rate of Climb, Altitude
   0.000000, 4831.174939
  -0.278645, 5181.600000
   0.751408, 3886.200000
   1.548182, 2590.800000
   1.851126, 1295.400000
   2.112288,    0.000000
