Maximum Climb Angle, Altitude
   0.000000, 13016.464110
  -0.010799, 17000.000000
   0.000778, 12750.000000
   0.010886, 8500.000000
   0.016155, 4250.000000
   0.021363,    0.000000
