Time, Altitude
   0.000000,  457.200000
   3.624045, 3009.900000
   8.883034, 5562.600000
  21.105113, 8115.300000
 -57.038003, 10668.000000
