Maximum Rate of Climb, Altitude
   0.000000, 7805.098801
   3.009545, 5181.600000
   4.495562, 3886.200000
   5.820625, 2590.800000
   7.029213, 1295.400000
   7.388407,    0.000000
