Maximum Climb Angle, Altitude
   0.000000, 8152.802561
   0.030745, 5181.600000
   0.047678, 3886.200000
   0.065712, 2590.800000
   0.084297, 1295.400000
   0.095954,    0.000000
