Range, Payload
   0.000000,  130.000000
1437.615093,  130.000000
1437.615093,  130.000000
1825.556359,  117.000000
2229.508604,    0.000000
