Maximum Climb Angle, Altitude
  -0.013162, 30000.000000
   0.004785, 22875.000000
   0.025555, 15750.000000
   0.047792, 8625.000000
   0.073340, 1500.000000
