Maximum Climb Angle, Altitude
   0.000000, 4538.080014
  -0.005685, 5181.600000
   0.006150, 3886.200000
   0.016625, 2590.800000
   0.021936, 1295.400000
   0.027282,    0.000000
