Maximum Climb Angle, Altitude
   0.000000, 45518.182770
   0.063564, 27000.000000
   0.095079, 20625.000000
   0.126684, 14250.000000
   0.150321, 7875.000000
   0.179468, 1500.000000
