Xcg/c, Mass
  33.504847, 14727.506111
  35.025019, 20253.385402
