Xcg/c, Mass
  41.749227, 21663.506111
  41.206044, 27189.385402
