Time, Altitude
   0.000000,    0.000000
   0.458891,   35.000000
  32.506077, 30000.000000
 201.724087, 30000.000000
 220.724087, 1500.000000
 225.392765, 15000.000000
 229.069628, 15000.000000
 238.069628, 1500.000000
 268.069628, 1500.000000
 269.036295,   50.000000
 269.390597,    0.000000
