Time, Altitude
   0.000000,    0.000000
   0.469743,   35.000000
  36.822294, 33000.000000
 187.636510, 33000.000000
 208.636510, 1500.000000
 213.225181, 15000.000000
 226.228318, 15000.000000
 235.228318, 1500.000000
 265.228318, 1500.000000
 266.194985,   50.000000
 266.548760,    0.000000
