Time, Altitude
   0.000000,    0.000000
   0.459611,   35.000000
  28.054524, 30000.000000
 200.977216, 30000.000000
 219.977216, 1500.000000
 224.644772, 15000.000000
 228.322247, 15000.000000
 237.322247, 1500.000000
 267.322247, 1500.000000
 268.288913,   50.000000
 268.643182,    0.000000
