Time, Altitude
   0.000000,    0.000000
   0.463281,   35.000000
  34.605615, 33000.000000
 187.088555, 33000.000000
 208.088555, 1500.000000
 212.612190, 15000.000000
 225.609928, 15000.000000
 234.609928, 1500.000000
 264.609928, 1500.000000
 265.576595,   50.000000
 265.928683,    0.000000
