Altitude, Fuel  used
   0.000000,    0.000000
6250.000000,  113.295434
12500.000000,  222.354955
18750.000000,  324.105420
25000.000000,  453.796914
