Altitude, Fuel  used
   0.000000,    0.000000
1295.400000,   50.427177
2590.800000,   96.282224
3886.200000,  142.736334
5181.600000,  194.116497
