Distance, Altitude
   0.000000, 17000.000000
  12.094147, 13125.000000
  23.359122, 9250.000000
  33.703506, 5375.000000
  43.319777, 1500.000000
