Range, Altitude
   0.000000,    0.000000
   0.425835,   35.000000
  42.443729, 17000.000000
 112.765038, 17000.000000
 157.767607, 1500.000000
 173.080736, 10000.000000
 260.080736, 10000.000000
 283.070620, 1500.000000
 283.070620, 1500.000000
 286.657329,   50.000000
 286.999952,    0.000000
