V (EAS), 
   0.000000,    1.000000
  90.263787,    1.437601
  90.263787,    0.562399
   0.000000,    1.000000
