Mach, Specific Range
   0.302240,    0.348186
   0.312395,    0.321336
   0.319440,    0.298834
   0.328686,    0.277210
   0.335019,    0.258113
