Mach, Specific Range
   0.313834,    0.344951
   0.320892,    0.318328
   0.327512,    0.295998
   0.336571,    0.274567
   0.345289,    0.255659
