Time, Aircraft mass
   0.000000, 21236.517761
   0.479225, 21227.644346
  14.459675, 21021.531126
  28.425948, 20848.259150
  38.759282, 20778.436851
  44.503544, 20686.831539
  63.358278, 20427.387702
  69.024944, 20388.133347
 114.024944, 19953.138339
 114.991611, 19946.376030
 115.160833, 19945.927593
