Maximum Rate of Climb, Altitude
   0.000000, 3759.202939
  -1.289179, 5181.600000
  -0.090470, 3886.200000
   0.832341, 2590.800000
   1.226576, 1295.400000
   1.545355,    0.000000
