Maximum Rate of Climb, Altitude
   0.000000, 5334.133953
   0.123889, 5181.600000
   1.176016, 3886.200000
   1.984180, 2590.800000
   2.278756, 1295.400000
   2.537742,    0.000000
