Maximum Rate of Climb, Altitude
   0.000000, 5333.925555
   0.123718, 5181.600000
   1.175835, 3886.200000
   1.983994, 2590.800000
   2.278574, 1295.400000
   2.537561,    0.000000
