V (EAS), 
   0.000000,    1.000000
 206.134780,    1.348973
 206.134780,    0.651027
   0.000000,    1.000000
