Maximum Climb Angle, Altitude
   0.000000, -19886.213943
   0.022639, 37000.000000
   0.022628, 27750.000000
   0.026680, 18500.000000
   0.032759, 9250.000000
   0.061643,    0.000000
