Maximum Climb Angle, Altitude
   0.000000, 12093.823848
   0.001316, 11887.200000
   0.025137, 8915.400000
   0.061825, 5943.600000
   0.111207, 2971.800000
   0.163143,    0.000000
