Maximum Climb Angle, Altitude
   0.000000, 12809.444511
  -0.011070, 17000.000000
   0.000130, 12750.000000
   0.010234, 8500.000000
   0.015454, 4250.000000
   0.020745,    0.000000
