Maximum Climb Angle, Altitude
   0.000000, 28329.686420
   0.040751, 17000.000000
   0.059762, 12750.000000
   0.079771, 8500.000000
   0.099606, 4250.000000
   0.113478,    0.000000
