Fuel used, Altitude
   0.000000, 9144.000000
  56.195663, 6972.300000
 114.795786, 4800.600000
 160.539741, 2628.900000
 217.427461,  457.200000
