Fuel used, Altitude
   0.000000, 25000.000000
  71.031621, 18762.500000
 128.395838, 12525.000000
 179.992478, 6287.500000
 227.453291,   50.000000
