Fuel used, Altitude
   0.000000, 25000.000000
  77.463252, 18762.500000
 140.802934, 12525.000000
 197.066010, 6287.500000
 247.859214,   50.000000
