Maximum Climb Angle, Altitude
   0.000000, 14743.062258
  -0.005912, 17000.000000
   0.005615, 12750.000000
   0.016099, 8500.000000
   0.021335, 4250.000000
   0.026735,    0.000000
