Maximum Climb Angle, Altitude
   0.000000, 8188.830742
   0.031275, 5181.600000
   0.048342, 3886.200000
   0.066509, 2590.800000
   0.085203, 1295.400000
   0.096949,    0.000000
