Time, Altitude
   0.000000,    0.000000
   3.196057, 1295.400000
   6.711513, 2590.800000
  11.022009, 3886.200000
  16.872418, 5181.600000
