Time, Altitude
   0.000000,    0.000000
   2.954454, 1295.400000
   6.261207, 2590.800000
  10.296042, 3886.200000
  15.631361, 5181.600000
