Time, Altitude
   0.000000,    0.000000
   3.107975, 1295.400000
   6.602817, 2590.800000
  10.908181, 3886.200000
  16.699591, 5181.600000
