Fuel used, Altitude
   0.000000, 17000.000000
  40.171777, 12762.500000
  76.988850, 8525.000000
 110.510086, 4287.500000
 140.390933,   50.000000
