Maximum Rate of Climb, Altitude
   0.000000, 3844.351288
  -1.220457, 5181.600000
  -0.029621, 3886.200000
   0.887284, 2590.800000
   1.278012, 1295.400000
   1.594351,    0.000000
