Range, Altitude
   0.000000,    0.000000
   0.769341,   10.668000
  75.832029, 5181.600000
 209.389095, 5181.600000
 292.733853,  457.200000
 320.552186, 3048.000000
 481.676186, 3048.000000
 524.253450,  457.200000
 524.253450,  457.200000
 530.896035,   15.240000
 531.523881,    0.000000
