V (EAS), 
   0.000000,    1.000000
  84.362371,    1.452623
  84.362371,    0.547377
   0.000000,    1.000000
