V (EAS), 
   0.000000,    1.000000
  83.133682,    1.458542
  83.133682,    0.541458
   0.000000,    1.000000
