Fuel used, Altitude
   0.000000, 27000.000000
  88.808305, 20262.500000
 166.985779, 13525.000000
 245.811105, 6787.500000
 328.686162,   50.000000
