Fuel used, Altitude
   0.000000,    0.000000
  93.933681,   35.000000
2853.945921, 30000.000000
16890.113655, 30000.000000
17384.134152, 1500.000000
18002.788312, 15000.000000
18438.970803, 15000.000000
18602.363569, 1500.000000
20593.877968, 1500.000000
20606.492352,   50.000000
20606.492352,    0.000000
