Fuel used, Altitude
   0.000000,    0.000000
  82.758040,   35.000000
1840.044328, 30000.000000
3199.546746, 30000.000000
3202.967203, 1500.000000
3800.170914, 15000.000000
5281.007080, 15000.000000
5328.562223, 1500.000000
5598.730997, 1500.000000
5598.661303,   50.000000
5598.661303,    0.000000
