Fuel used, Altitude
   0.000000,    0.000000
  93.785901,   35.000000
3204.140099, 30000.000000
16929.395673, 30000.000000
17423.452948, 1500.000000
18042.251191, 15000.000000
18478.058662, 15000.000000
18641.424097, 1500.000000
20633.336780, 1500.000000
20645.950016,   50.000000
20645.950016,    0.000000
