Altitude, Fuel  used
   0.000000,    0.000000
1295.400000,   50.752436
2590.800000,  101.100470
3886.200000,  161.877741
5181.600000,  274.906463
