Altitude, Fuel  used
   0.000000,    0.000000
1295.400000,   48.454720
2590.800000,   92.322550
3886.200000,  136.359448
5181.600000,  184.157611
