Maximum Climb Angle, Altitude
   0.000000, 26795.034892
   0.031364, 17000.000000
   0.048364, 12750.000000
   0.066584, 8500.000000
   0.085159, 4250.000000
   0.096954,    0.000000
