Maximum Rate of Climb, Altitude
   0.000000, -23255.670942
 792.390682, 35000.000000
 678.474357, 26625.000000
 621.198787, 18250.000000
 650.408380, 9875.000000
1135.849212, 1500.000000
