Fuel used, Altitude
   0.000000, 5181.600000
  17.798253, 3890.010000
  34.056787, 2598.420000
  48.810332, 1306.830000
  61.900426,   15.240000
