Fuel used, Altitude
   0.000000, 5181.600000
  17.819699, 3890.010000
  34.101392, 2598.420000
  48.880513, 1306.830000
  61.999742,   15.240000
