Fuel used, Altitude
   0.000000, 7620.000000
  32.219402, 5718.810000
  58.239373, 3817.620000
  81.643215, 1916.430000
 103.171077,   15.240000
