Altitude, Fuel  used
1500.000000,    0.000000
5375.000000,   48.090145
9250.000000,   99.826719
13125.000000,  159.324047
17000.000000,  234.976457
