Time, Altitude
   0.000000,    0.000000
   2.479795, 6250.000000
   5.235431, 12500.000000
   8.476177, 18750.000000
  12.730265, 25000.000000
