Time, Altitude
   0.000000,    0.000000
   2.450380, 6250.000000
   5.080368, 12500.000000
   7.979849, 18750.000000
  11.598490, 25000.000000
