Time, Altitude
   0.000000, 9144.000000
   4.750000, 6972.300000
   9.500000, 4800.600000
  14.250000, 2628.900000
  19.000000,  457.200000
