Fuel used, Altitude
   0.000000, 37000.000000
 109.360110, 27762.500000
 173.511980, 18525.000000
 177.964780, 9287.500000
 172.198299,   50.000000
