Maximum Climb Angle, Altitude
   0.000000, 27525.307488
   0.036699, 17000.000000
   0.054943, 12750.000000
   0.074356, 8500.000000
   0.093365, 4250.000000
   0.106754,    0.000000
