Altitude, Fuel  used
1500.000000,    0.000000
7375.000000,  118.046166
13250.000000,  234.317369
19125.000000,  347.754456
25000.000000,  469.559677
