Maximum Rate of Climb, Altitude
   0.000000, 3904.318687
  -1.180203, 5181.600000
   0.012838, 3886.200000
   0.930681, 2590.800000
   1.318080, 1295.400000
   1.636251,    0.000000
