Maximum Rate of Climb, Altitude
  -0.056458, 5181.600000
   0.898635, 4000.500000
   1.742823, 2819.400000
   2.028519, 1638.300000
   2.244792,  457.200000
