Fuel used, Altitude
   0.000000, 5181.600000
  21.672788, 3890.010000
  41.549783, 2598.420000
  59.826127, 1306.830000
  76.872609,   15.240000
