Time, Altitude
   0.000000,    0.000000
   0.387086,   10.668000
  12.722423, 5181.600000
  26.910667, 5181.600000
  37.244000,  457.200000
  42.111965, 3048.000000
  59.463488, 3048.000000
  65.130155,  457.200000
 110.130155,  457.200000
 111.096821,   15.240000
 111.259077,    0.000000
