V (EAS), 
   0.000000,    1.000000
 155.910934,    1.521792
 155.910934,    0.478208
   0.000000,    1.000000
