Fuel used, Altitude
   0.000000,    0.000000
  25.367041,   10.668000
1006.567104, 9144.000000
5861.205751, 9144.000000
6319.309091,  457.200000
6586.580606, 4572.000000
7129.020413, 4572.000000
7256.910495,  457.200000
7842.123039,  457.200000
7856.697218,   15.240000
7856.697218,    0.000000
