Time, Altitude
   0.000000,    0.000000
   0.404213,   35.000000
  14.227161, 17000.000000
  27.279313, 17000.000000
  37.612646, 1500.000000
  42.790757, 10000.000000
  60.192395, 10000.000000
  65.859062, 1500.000000
 110.859062, 1500.000000
 111.825728,   50.000000
 111.992169,    0.000000
