Mach, Specific Range
   0.438769,    0.168139
   0.451009,    0.154681
   0.464677,    0.142774
   0.477282,    0.132397
   0.489127,    0.123280
