Maximum Rate of Climb, Altitude
   0.000000, 17933.923165
-173.569262, 25000.000000
 -47.594452, 19125.000000
 187.165723, 13250.000000
 267.930382, 7375.000000
 402.150892, 1500.000000
