V (EAS), 
   0.000000,    1.000000
 155.559525,    1.522661
 155.559525,    0.477339
   0.000000,    1.000000
