Time, Altitude
   0.000000,    0.000000
   2.430473, 1905.000000
   5.134063, 3810.000000
   8.325800, 5715.000000
  12.486990, 7620.000000
