Maximum Rate of Climb, Altitude
   0.000000, 36132.302974
  87.511889, 35000.000000
 734.787473, 26625.000000
1403.708964, 18250.000000
2044.398988, 9875.000000
2675.246970, 1500.000000
