V (EAS), 
   0.000000,    1.000000
 172.517418,    1.412659
 172.517418,    0.587341
   0.000000,    1.000000
