V (EAS), 
   0.000000,    1.000000
  78.781599,    1.530233
  78.781599,    0.469767
   0.000000,    1.000000
