Time, Altitude
   0.000000,    0.000000
   0.008597,   35.000000
   0.264921, 17000.000000
   3.132430, 17000.000000
   3.320764,   50.000000
   3.320764,   50.000000
   3.320764,   50.000000
   3.320764,   50.000000
   3.320764,   50.000000
   3.320764,   50.000000
   3.323573,    0.000000
