Maximum Climb Angle, Altitude
   0.000000, 8389.713722
   0.036699, 5181.600000
   0.054943, 3886.200000
   0.074356, 2590.800000
   0.093365, 1295.400000
   0.106754,    0.000000
