Maximum Rate of Climb, Altitude
   0.000000, 43318.780430
1458.839947, 25000.000000
1956.566840, 18750.000000
2275.257665, 12500.000000
2391.167750, 6250.000000
2641.304179,    0.000000
