Maximum Rate of Climb, Altitude
   0.000000, 31722.668802
 628.544946, 25000.000000
1212.897087, 18750.000000
1744.290753, 12500.000000
2204.350734, 6250.000000
2368.445251,    0.000000
