Time, Altitude
   0.000000,    0.000000
   3.856664, 9250.000000
   9.226489, 18500.000000
  18.558010, 27750.000000
  77.597506, 37000.000000
