Time, Altitude
   0.000000,    0.000000
   0.401489,   10.668000
  14.055089, 5181.600000
  27.235541, 5181.600000
  37.568874,  457.200000
  42.703608, 3048.000000
  60.108464, 3048.000000
  65.775131,  457.200000
 110.775131,  457.200000
 111.741797,   15.240000
 111.907870,    0.000000
