Time, Altitude
   0.000000,    0.000000
   0.402162,   10.668000
  14.034805, 5181.600000
  27.245975, 5181.600000
  37.579308,  457.200000
  42.714529, 3048.000000
  60.131842, 3048.000000
  65.798508,  457.200000
 110.798508,  457.200000
 111.765175,   15.240000
 111.931206,    0.000000
