Range, Altitude
   0.000000,    0.000000
   0.574453,   35.000000
 110.886074, 30000.000000
1442.103894, 30000.000000
1537.552741, 1500.000000
1557.552193, 15000.000000
1657.552193, 15000.000000
1695.947015, 1500.000000
1695.947015, 1500.000000
1699.533725,   50.000000
1700.000365,    0.000000
