Range, Altitude
   0.000000,    0.000000
   1.094743,   10.668000
 351.767930, 9144.000000
2753.169460, 9144.000000
2962.153896,  457.200000
3003.085003, 4572.000000
3055.422744, 4572.000000
3139.498634,  457.200000
3139.498634,  457.200000
3147.353896,   15.240000
3148.400000,    0.000000
