Range, Altitude
   0.000000,    0.000000
   0.989538,   10.668000
 181.894677, 9144.000000
 444.333765, 9144.000000
 621.105029,  457.200000
 662.017728, 4572.000000
 847.217728, 4572.000000
 918.324939,  457.200000
 918.324939,  457.200000
 924.967524,   15.240000
 925.999880,    0.000000
