Range, Altitude
   0.000000,    0.000000
   1.098517,   10.668000
 299.194306, 9144.000000
2753.169604, 9144.000000
2962.154041,  457.200000
3003.077180, 4572.000000
3055.422889, 4572.000000
3139.498779,  457.200000
3139.498779,  457.200000
3147.354041,   15.240000
3148.400000,    0.000000
