Range, Altitude
   0.000000,    0.000000
   1.169427,   10.668000
 405.469028, 10058.400000
2640.791437, 10058.400000
2843.194564,  457.200000
2884.406579, 4572.000000
3069.606579, 4572.000000
3140.713790,  457.200000
3140.713790,  457.200000
3147.356376,   15.240000
3148.392355,    0.000000
