Maximum Climb Angle, Altitude
   0.000000, 38215.995336
   0.002203, 37000.000000
   0.022931, 27750.000000
   0.053322, 18500.000000
   0.091636, 9250.000000
   0.131914,    0.000000
