Maximum Rate of Climb, Altitude
   0.000000, 13954.473833
-165.284416, 17000.000000
  65.368262, 12750.000000
 240.509273, 8500.000000
 313.898190, 4250.000000
 373.118871,    0.000000
