Time, Altitude
   0.000000,    0.000000
   2.836048, 1295.400000
   6.003791, 2590.800000
   9.883701, 3886.200000
  15.090920, 5181.600000
