Maximum Climb Angle, Altitude
   0.000000, 12127.931540
   0.004757, 11277.600000
   0.025173, 8458.200000
   0.055123, 5638.800000
   0.093307, 2819.400000
   0.133360,    0.000000
