Fuel used, Altitude
   0.000000, 9144.000000
  53.889919, 6972.300000
 110.402371, 4800.600000
 162.246224, 2628.900000
 216.814178,  457.200000
