Range, Payload
   0.000000,   72.000000
1036.086589,   72.000000
1308.112960,   68.000000
2899.648188,   45.000000
3155.400789,    0.000000
