Time, Altitude
   0.000000,    0.000000
   0.449971,   10.668000
  18.880803, 9144.000000
  44.076949, 9144.000000
  63.076949,  457.200000
  69.173496, 4572.000000
  84.891594, 4572.000000
  93.891594,  457.200000
 123.891594,  457.200000
 124.858261,   15.240000
 125.129166,    0.000000
