Altitude, Fuel  used
   0.000000,    0.000000
1295.400000,   48.325349
2590.800000,   95.186538
3886.200000,  148.954750
5181.600000,  230.631791
