Fuel used, Altitude
   0.000000,    0.000000
  15.493812,   10.668000
 415.386213, 7620.000000
3106.638086, 7620.000000
3204.563174,  457.200000
3304.902936, 3048.000000
3629.762583, 3048.000000
3668.004236,  457.200000
4002.716974,  457.200000
4009.790763,   15.240000
4010.270158,    0.000000
