Time, Altitude
   0.000000,    0.000000
   2.915865, 4250.000000
   6.299323, 8500.000000
  10.865828, 12750.000000
  18.755028, 17000.000000
