Time, Altitude
   0.000000,    0.000000
   2.891788, 4250.000000
   6.138159, 8500.000000
  10.147947, 12750.000000
  15.613644, 17000.000000
