Altitude, Fuel  used
   0.000000,    0.000000
1295.400000,   52.969037
2590.800000,  101.414982
3886.200000,  151.095767
5181.600000,  207.481218
