Time, Altitude
   0.000000,    0.000000
   4.499163, 2819.400000
  12.242060, 5638.800000
  42.210392, 8458.200000
  56.090717, 11277.600000
