Time, Altitude
   0.000000,    0.000000
   3.856664, 2819.400000
   9.226489, 5638.800000
  18.558010, 8458.200000
  77.597506, 11277.600000
