Time, Altitude
   0.000000, 1500.000000
   3.624045, 9875.000000
   8.883034, 18250.000000
  21.105113, 26625.000000
 -57.038003, 35000.000000
