Time, Altitude
   0.000000, 1500.000000
   3.613555, 9875.000000
   8.645003, 18250.000000
  17.327098, 26625.000000
  70.876666, 35000.000000
