Maximum Rate of Climb, Altitude
   0.000000, 8836.907685
   3.751910, 5181.600000
   5.081545, 3886.200000
   6.327534, 2590.800000
   7.415529, 1295.400000
   7.825394,    0.000000
