Maximum Climb Angle, Altitude
   0.000000, 9721.937936
   0.007433, 7620.000000
   0.015522, 5715.000000
   0.030775, 3810.000000
   0.039220, 1905.000000
   0.054476,    0.000000
