Time, Altitude
   0.000000,    0.000000
   2.891422, 4250.000000
   6.239218, 8500.000000
  10.738418, 12750.000000
  18.407429, 17000.000000
