Time, Altitude
   0.000000,    0.000000
   2.874773, 4250.000000
   6.101409, 8500.000000
  10.090060, 12750.000000
  15.522580, 17000.000000
