Maximum Rate of Climb, Altitude
   3.511768, 5181.600000
   4.729529, 4000.500000
   5.826148, 2819.400000
   6.961328, 1638.300000
   7.389940,  457.200000
