Range, Payload
   0.000000,   72.000000
1004.724723,   72.000000
1154.274541,   68.000000
1748.679044,   52.000000
1880.311068,    0.000000
