Altitude, Fuel  used
   0.000000,    0.000000
4250.000000,   48.325349
8500.000000,   95.186538
12750.000000,  148.954750
17000.000000,  230.631791
