Range, Payload
   0.000000,   72.000000
1769.026035,   72.000000
2028.244829,   68.000000
3077.818166,   52.000000
3247.709293,    0.000000
