Maximum Climb Angle, Altitude
   0.000000, 14888.713957
  -0.005685, 17000.000000
   0.006150, 12750.000000
   0.016625, 8500.000000
   0.021936, 4250.000000
   0.027282,    0.000000
