Maximum Climb Angle, Altitude
   0.000000, 14889.281159
  -0.005555, 17000.000000
   0.006076, 12750.000000
   0.016625, 8500.000000
   0.021923, 4250.000000
   0.027345,    0.000000
