Maximum Climb Angle, Altitude
   0.000000, 3893.925533
  -0.011433, 5181.600000
   0.000057, 3886.200000
   0.010197, 2590.800000
   0.015428, 1295.400000
   0.020621,    0.000000
