Maximum Climb Angle, Altitude
   0.000000, 5334.133953
   0.001518, 5181.600000
   0.015622, 3886.200000
   0.027733, 2590.800000
   0.034408, 1295.400000
   0.040689,    0.000000
