Distance, Altitude
   0.000000, 8229.600000
  47.142668, 6176.010000
  89.051274, 4122.420000
 126.532080, 2068.830000
 160.235011,   15.240000
