Maximum Climb Angle, Altitude
   0.000000, 3844.351288
  -0.011437, 5181.600000
  -0.000299, 3886.200000
   0.009744, 2590.800000
   0.014942, 1295.400000
   0.020185,    0.000000
