Maximum Rate of Climb, Altitude
   0.000000, 25607.279531
 592.430062, 17000.000000
 884.953124, 12750.000000
1145.792347, 8500.000000
1383.703281, 4250.000000
1454.410865,    0.000000
