Maximum Rate of Climb, Altitude
1712.476827, 30000.000000
2648.270932, 22875.000000
3556.424837, 15750.000000
4426.755467, 8625.000000
5189.563671, 1500.000000
