Fuel used, Altitude
   0.000000, 17000.000000
  39.589066, 12762.500000
  75.793227, 8525.000000
 108.685475, 4287.500000
 137.920916,   50.000000
