Maximum Rate of Climb, Altitude
   0.000000, 38215.995336
  87.439047, 37000.000000
 752.582378, 27750.000000
1451.656840, 18500.000000
2117.858184, 9250.000000
2764.735940,    0.000000
