Maximum Rate of Climb, Altitude
   0.000000, 32749.938732
 195.097312, 25000.000000
 352.435098, 18750.000000
 604.864601, 12500.000000
 684.573623, 6250.000000
 862.613649,    0.000000
