Time, Altitude
   0.000000,    0.000000
   2.456303, 1905.000000
   5.187882, 3810.000000
   8.402042, 5715.000000
  12.601427, 7620.000000
