Maximum Climb Angle, Altitude
   0.000000, 13203.564275
   0.059572, 7620.000000
   0.087551, 5715.000000
   0.112956, 3810.000000
   0.133754, 1905.000000
   0.162513,    0.000000
