Maximum Climb Angle, Altitude
   0.000000, 9669.069451
   0.025753, 7620.000000
   0.056286, 5715.000000
   0.091001, 3810.000000
   0.128857, 1905.000000
   0.155126,    0.000000
