Time, Altitude
   0.000000,    0.000000
   3.010748, 4250.000000
   6.560186, 8500.000000
  11.511753, 12750.000000
  21.220879, 17000.000000
