Maximum Climb Angle, Altitude
   0.000000, -6068.012212
   0.025727, 11277.600000
   0.025729, 8458.200000
   0.029246, 5638.800000
   0.035284, 2819.400000
   0.064030,    0.000000
