Fuel used, Altitude
   0.000000,    0.000000
   9.552727,   10.668000
 235.859250, 5181.600000
2367.835423, 5181.600000
2444.855062,   15.240000
2444.855062,   15.240000
2444.855062,   15.240000
2444.855062,   15.240000
2444.855062,   15.240000
2444.855062,   15.240000
2445.301757,    0.000000
