Range, Altitude
   0.000000,    0.000000
   0.415411,   35.000000
  40.946020, 17000.000000
 113.061067, 17000.000000
 158.063636, 1500.000000
 173.084334, 10000.000000
 260.084334, 10000.000000
 283.074217, 1500.000000
 283.074217, 1500.000000
 286.660926,   50.000000
 286.999936,    0.000000
