Altitude, Fuel  used
 457.200000,    0.000000
1638.300000,   48.089566
2819.400000,   99.827191
4000.500000,  159.325003
5181.600000,  234.983772
