Time, Altitude
   0.000000,    0.000000
   0.479225,   10.668000
  14.459675, 5181.600000
  28.425948, 5181.600000
  38.759282,  457.200000
  44.503544, 3048.000000
  63.358278, 3048.000000
  69.024944,  457.200000
 114.024944,  457.200000
 114.991611,   15.240000
 115.160833,    0.000000
