Maximum Climb Angle, Altitude
   0.044940, 9144.000000
   0.079297, 6972.300000
   0.119824, 4800.600000
   0.163359, 2628.900000
   0.213880,  457.200000
