Time, Altitude
   0.000000,    0.000000
   0.390646,   10.668000
  13.419252, 8229.600000
 172.209450, 8229.600000
 189.209450,  457.200000
 192.024554, 3048.000000
 209.789159, 3048.000000
 215.455825,  457.200000
 260.455825,  457.200000
 261.422492,   15.240000
 261.782092,    0.000000
