Maximum Rate of Climb, Altitude
   0.000000, 13873.942108
   7.519843, 8229.600000
  10.108596, 6286.500000
  12.130901, 4343.400000
  12.838320, 2400.300000
  13.946254,  457.200000
