Mach, Specific Range
   0.299974,    0.359935
   0.307251,    0.332041
   0.317050,    0.307234
   0.323674,    0.286980
   0.332609,    0.267225
