Mach, Specific Range
   0.311595,    0.356209
   0.318611,    0.328705
   0.325379,    0.304420
   0.331584,    0.284301
   0.340340,    0.264710
