Range, Payload
   0.000000,  157.000000
3630.750743,  157.000000
4512.960935,  135.000000
5654.964187,  106.000000
6077.391316,    0.000000
