Maximum Rate of Climb, Altitude
   0.000000, 39677.899765
  59.643482, 39000.000000
 917.475246, 29250.000000
1867.475519, 19500.000000
2744.693306, 9750.000000
3618.634145,    0.000000
