V (EAS), 
   0.000000,    1.000000
  90.671097,    1.447541
  90.671097,    0.552459
   0.000000,    1.000000
