Maximum Rate of Climb, Altitude
   0.000000, 25695.382781
 602.106263, 17000.000000
 896.394816, 12750.000000
1157.103862, 8500.000000
1395.568371, 4250.000000
1466.377444,    0.000000
