V (EAS), 
   0.000000,    1.000000
  87.258816,    1.414343
  87.258816,    0.585657
   0.000000,    1.000000
