Altitude, Fuel  used
   0.000000,    0.000000
4250.000000,   48.456485
8500.000000,   92.326086
12750.000000,  136.365113
17000.000000,  184.166368
