Altitude, Fuel  used
   0.000000,    0.000000
4250.000000,   49.733910
8500.000000,   98.735441
12750.000000,  157.203396
17000.000000,  260.317263
