Altitude, Fuel  used
   0.000000,    0.000000
4250.000000,   50.752436
8500.000000,  101.100470
12750.000000,  161.877741
17000.000000,  274.906463
