Maximum Rate of Climb, Altitude
   0.000000, 4301.694453
  -0.798086, 5181.600000
   0.376859, 3886.200000
   1.271134, 2590.800000
   1.628181, 1295.400000
   1.932883,    0.000000
