Fuel used, Altitude
   0.000000, 17000.000000
  39.238431, 12762.500000
  75.082364, 8525.000000
 107.608362, 4287.500000
 136.467080,   50.000000
