Fuel used, Altitude
   0.000000, 17000.000000
  39.285712, 12762.500000
  75.180701, 8525.000000
 107.763084, 4287.500000
 136.686033,   50.000000
