Time, Altitude
   0.000000,    0.000000
   0.008006,   10.668000
   0.330579, 7620.000000
   3.568395, 7620.000000
   3.829507,  457.200000
   3.900882, 3048.000000
   4.218410, 3048.000000
   4.312855,  457.200000
   4.812855,  457.200000
   4.828966,   15.240000
   4.831981,    0.000000
