Maximum Climb Angle, Altitude
   0.000000, 25681.736352
   0.027639, 17000.000000
   0.044402, 12750.000000
   0.062266, 8500.000000
   0.080599, 4250.000000
   0.092096,    0.000000
