Time, Altitude
   0.000000,    0.000000
   2.856423, 4250.000000
   6.137179, 8500.000000
  10.470330, 12750.000000
  17.528432, 17000.000000
