Time, Altitude
   0.000000,    0.000000
   0.006545,   35.000000
   0.219473, 17000.000000
   0.450352, 17000.000000
   0.622574, 1500.000000
   0.705293, 10000.000000
   0.994657, 10000.000000
   1.089101, 1500.000000
   1.839101, 1500.000000
   1.855212,   50.000000
   1.857941,    0.000000
