Time, Altitude
   0.000000,    0.000000
   0.006555,   35.000000
   0.219539, 17000.000000
   0.450423, 17000.000000
   0.622646, 1500.000000
   0.705376, 10000.000000
   0.995177, 10000.000000
   1.089622, 1500.000000
   1.839622, 1500.000000
   1.855733,   50.000000
   1.858461,    0.000000
