Maximum Rate of Climb, Altitude
   0.000000, 44157.174335
 234.314043, 27000.000000
 321.376866, 20625.000000
 651.511754, 14250.000000
 724.143164, 7875.000000
 881.328913, 1500.000000
