Time, Altitude
   0.000000,    0.000000
   0.007077,   35.000000
   0.208544, 17000.000000
   0.468803, 17000.000000
   0.641025, 1500.000000
   0.725488, 10000.000000
   1.037431, 10000.000000
   1.131875, 1500.000000
   1.881875, 1500.000000
   1.897987,   50.000000
   1.900708,    0.000000
