Time, Altitude
   0.000000,    0.000000
   0.006756,   35.000000
   0.240011, 17000.000000
   0.455322, 17000.000000
   0.627545, 1500.000000
   0.714396, 10000.000000
   1.004699, 10000.000000
   1.099143, 1500.000000
   1.849143, 1500.000000
   1.865254,   50.000000
   1.868029,    0.000000
