Time, Altitude
   0.000000,    0.000000
   0.007077,   35.000000
   0.208536, 17000.000000
   0.468804, 17000.000000
   0.641026, 1500.000000
   0.725486, 10000.000000
   1.037430, 10000.000000
   1.131874, 1500.000000
   1.881874, 1500.000000
   1.897985,   50.000000
   1.900707,    0.000000
