Time, Altitude
   0.000000,    0.000000
   0.007688,   10.668000
   0.265488, 9144.000000
   3.996138, 9144.000000
   4.312805,  457.200000
   4.393980, 4572.000000
   4.672372, 4572.000000
   4.822372,  457.200000
   5.322372,  457.200000
   5.338483,   15.240000
   5.342414,    0.000000
