Time, Altitude
   0.000000,    0.000000
   4.426210, 9250.000000
  11.887568, 18500.000000
  31.386581, 27750.000000
  29.843462, 37000.000000
