Time, Altitude
   0.000000, 1500.000000
   3.521928, 9875.000000
   8.503262, 18250.000000
  18.473703, 26625.000000
 -60.800586, 35000.000000
