Time, Altitude
   0.000000,    0.000000
   3.719524, 9250.000000
   8.808290, 18500.000000
  17.227626, 27750.000000
  46.099589, 37000.000000
