Time, Altitude
   0.000000, 1500.000000
   3.506555, 9875.000000
   8.220837, 18250.000000
  15.625250, 26625.000000
  34.554422, 35000.000000
