Altitude, Fuel  used
   0.000000,    0.000000
4250.000000,   48.022940
8500.000000,   94.427698
12750.000000,  147.286812
17000.000000,  226.360931
