alpha body, Static Stability Margin
 -10.000000,    0.007933
  -9.090909,   -0.002021
  -8.181818,   -0.022049
  -7.272727,   -0.042180
  -6.363636,   -0.061986
  -5.454545,   -0.080782
  -4.545455,   -0.099070
  -3.636364,   -0.114468
  -2.727273,   -0.122712
  -1.818182,   -0.141104
  -0.909091,   -0.162508
  -0.000000,   -0.172394
   0.909091,   -0.182000
   1.818182,   -0.191519
   2.727273,   -0.200689
   3.636364,   -0.209190
