alpha body, Static Stability Margin
 -10.000000,    0.007932
  -9.090909,   -0.002021
  -8.181818,   -0.022050
  -7.272727,   -0.042180
  -6.363636,   -0.061985
  -5.454545,   -0.080782
  -4.545455,   -0.099069
  -3.636364,   -0.114467
  -2.727273,   -0.122711
  -1.818182,   -0.141102
  -0.909091,   -0.162505
  -0.000000,   -0.172392
   0.909091,   -0.181998
   1.818182,   -0.191516
   2.727273,   -0.200685
   3.636364,   -0.209186
   4.545455,   -0.216812
   5.454545,   -0.224060
