alpha body, Static Stability Margin
 -10.000000,    0.056909
  -9.090909,    0.046106
  -8.181818,    0.024328
  -7.272727,    0.002362
  -6.363636,   -0.019300
  -5.454545,   -0.039858
  -4.545455,   -0.059899
  -3.636364,   -0.077193
  -2.727273,   -0.087431
  -1.818182,   -0.107703
  -0.909091,   -0.130937
  -0.000000,   -0.142737
   0.909091,   -0.154288
   1.818182,   -0.165790
   2.727273,   -0.176957
   3.636364,   -0.187434
   4.545455,   -0.196973
   5.454545,   -0.206139
