Altitude, Fuel  used
   0.000000,    0.000000
4250.000000,   50.427177
8500.000000,   96.282224
12750.000000,  142.736334
17000.000000,  194.116497
