Altitude, Fuel  used
   0.000000,    0.000000
4250.000000,   52.969037
8500.000000,  101.414982
12750.000000,  151.095767
17000.000000,  207.481218
