Xcg/c, Mass
  18.742184, 36478.624621
  17.985485, 52678.624621
