Xcg/c, Mass
  31.023695, 50128.624621
  27.423103, 66328.624621
