Altitude, Fuel  used
 457.200000,    0.000000
2247.900000,  118.046166
4038.600000,  234.317369
5829.300000,  347.754456
7620.000000,  469.559677
