Maximum Rate of Climb, Altitude
   0.000000, 12258.519923
   5.635898, 7620.000000
   7.811635, 5829.300000
   9.324560, 4038.600000
   9.931817, 2247.900000
  10.895889,  457.200000
