Range, Payload
   0.000000,   72.000000
 559.442003,   72.000000
 706.324492,   68.000000
1565.684767,   45.000000
1703.780124,    0.000000
