Time, Altitude
   0.000000,    0.000000
   0.006691,   10.668000
   0.234251, 5181.600000
   0.453926, 5181.600000
   0.626148,  457.200000
   0.711727, 3048.000000
   1.001808, 3048.000000
   1.096252,  457.200000
   1.846252,  457.200000
   1.862363,   15.240000
   1.865131,    0.000000
