Time, Altitude
   0.000000,    0.000000
   0.006703,   10.668000
   0.233913, 5181.600000
   0.454100, 5181.600000
   0.626322,  457.200000
   0.711909, 3048.000000
   1.002197, 3048.000000
   1.096642,  457.200000
   1.846642,  457.200000
   1.862753,   15.240000
   1.865520,    0.000000
