Time, Altitude
   0.000000,    0.000000
   0.422559,   35.000000
  67.677945, 35000.000000
 185.315274, 35000.000000
 207.648607, 1500.000000
 212.116512, 15000.000000
 224.414059, 15000.000000
 233.414059, 1500.000000
 263.414059, 1500.000000
 264.380726,   50.000000
 264.728281,    0.000000
