Fuel used, Altitude
   0.000000, 9144.000000
  57.161133, 6972.300000
 118.103311, 4800.600000
 150.739036, 2628.900000
 190.287664,  457.200000
