Fuel used, Altitude
   0.000000, 17000.000000
  40.292468, 12762.500000
  77.232575, 8525.000000
 110.877172, 4287.500000
 140.882495,   50.000000
