Maximum Rate of Climb, Altitude
 -11.113807, 17000.000000
 176.896607, 13125.000000
 343.075440, 9250.000000
 399.314702, 5375.000000
 441.888156, 1500.000000
