Range, Altitude
   0.000000,    0.000000
   0.820655,   10.668000
  84.045365, 5181.600000
 207.829930, 5181.600000
 291.174688,  457.200000
 320.533697, 3048.000000
 481.657697, 3048.000000
 524.234961,  457.200000
 524.234961,  457.200000
 530.877547,   15.240000
 531.522731,    0.000000
