Time, Thrust
   0.000000, -378.099195
   2.615839, -411.934639
   5.209448, -460.979289
   7.740396, -552.960433
  10.236663, -696.812589
