Time, Thrust
   0.000000, 1620.336427
   2.615839, 1456.750583
   5.209448, 1281.988182
   7.740396, 1054.777940
  10.236663,  845.464737
