Time, Thrust
   0.000000, 3618.772048
   2.615839, 4174.950525
   5.209448, 4697.241122
   7.740396, 5242.227372
  10.236663, 5569.442183
