Maximum Rate of Climb, Altitude
   0.000000, 31896.121837
 172.623750, 25000.000000
 329.073776, 18750.000000
 582.462304, 12500.000000
 664.076275, 6250.000000
 844.018040,    0.000000
