Maximum Rate of Climb, Altitude
   0.000000, 26748.039899
 659.535409, 17000.000000
 947.083011, 12750.000000
1203.245932, 8500.000000
1435.504676, 4250.000000
1505.520535,    0.000000
