Maximum Climb Angle, Altitude
   0.000000, 39677.899765
   0.001316, 39000.000000
   0.025137, 29250.000000
   0.061825, 19500.000000
   0.111207, 9750.000000
   0.163143,    0.000000
