Mach, Specific Range
   0.273716,    0.197724
   0.282139,    0.182698
   0.290319,    0.169558
   0.298274,    0.157981
   0.306023,    0.147706
