Mach, Specific Range
   0.283829,    0.195666
   0.291997,    0.180788
   0.299929,    0.167781
   0.307643,    0.156319
   0.315157,    0.146145
