CLe, Neutral Point
   0.014495,  671.845474
   0.004145,  669.622785
  -0.006306,  665.908816
