CLe, Neutral Point
   0.023750,  139.260754
  -0.001685,  139.162917
  -0.027214,  139.020748
