Fuel used, Altitude
   0.000000, 17000.000000
  39.217753, 12762.500000
  75.062608, 8525.000000
 107.609645, 4287.500000
 136.508328,   50.000000
