Time, Altitude
   0.000000,  457.200000
   2.878933, 1638.300000
   6.192014, 2819.400000
  10.368686, 4000.500000
  16.197115, 5181.600000
