Time, Altitude
   0.000000,  457.200000
   2.745646, 1638.300000
   5.848916, 2819.400000
   9.619368, 4000.500000
  14.503087, 5181.600000
