Xcg/c, Mass
  14.593935, 43727.782193
  16.938867, 59919.702913
