Xcg/c, Mass
  23.256923, 63227.782193
  30.711475, 79419.702913
