Xcg/c, Mass
  13.743184, 61299.548615
  23.227883, 80345.377820
