Maximum Rate of Climb, Altitude
   0.000000, 34022.419845
 237.089969, 25000.000000
 401.326652, 18750.000000
 650.633475, 12500.000000
 725.784581, 6250.000000
 900.868759,    0.000000
