Maximum Climb Angle, Altitude
   0.000000, 4831.174939
  -0.003338, 5181.600000
   0.009718, 3886.200000
   0.021183, 2590.800000
   0.027251, 1295.400000
   0.033154,    0.000000
