Altitude, Fuel  used
   0.000000,    0.000000
1295.400000,   49.897871
2590.800000,   99.128337
3886.200000,  157.809443
5181.600000,  260.954523
