Altitude, Fuel  used
   0.000000,    0.000000
1295.400000,   49.910285
2590.800000,   99.059305
3886.200000,  157.655800
5181.600000,  260.660506
