Maximum Climb Angle, Altitude
   0.000000, 3967.418261
  -0.010799, 5181.600000
   0.000778, 3886.200000
   0.010886, 2590.800000
   0.016155, 1295.400000
   0.021363,    0.000000
