Range, Masses
   0.000000, 17035.000000
3630.750743, 28647.000000
4512.960935, 28647.000000
5654.964187, 28647.000000
6077.391316, 17213.000000
