Range, Masses
   0.000000, 17035.000000
3630.750743, 17035.000000
4512.960935, 14580.000000
5654.964187, 11434.000000
6077.391316,    0.000000
