Altitude, Fuel  used
   0.000000,    0.000000
2971.800000,  321.965104
5943.600000,  630.703799
8915.400000, 1250.635406
11887.200000, 1010.006187
