Altitude, Fuel  used
   0.000000,    0.000000
1905.000000,  115.370746
3810.000000,  226.988319
5715.000000,  332.182350
7620.000000,  434.712561
