Altitude, Fuel  used
   0.000000,    0.000000
1905.000000,  139.260891
3810.000000,  266.473124
5715.000000,  406.420469
7620.000000,  628.268746
