Range, Payload
   0.000000,  130.000000
2852.959932,  130.000000
2852.959932,  130.000000
3468.653041,  106.000000
3805.453787,    0.000000
