V (EAS), 
   0.000000,    1.000000
 106.044893,    1.348973
 106.044893,    0.651027
   0.000000,    1.000000
