Time, Altitude
   0.000000,    0.000000
   3.123348, 2971.800000
   7.509979, 5943.600000
  15.433950, 8915.400000
 102.483115, 11887.200000
