Range, Payload
   0.000000,  130.000000
1317.084275,  130.000000
1317.083138,  130.000000
2889.491264,   76.000000
3186.096555,    0.000000
