CLe, Neutral Point
   0.371795,    0.234960
   0.460133,    0.245764
   0.548324,    0.267541
   0.636361,    0.289508
   0.724237,    0.311169
   0.811957,    0.331727
   0.899538,    0.351769
   0.986968,    0.369062
   1.074242,    0.379300
   1.161715,    0.399573
   1.248742,    0.422806
   1.335621,    0.434607
   1.422353,    0.446157
   1.508932,    0.457660
   1.595358,    0.468827
   1.681631,    0.479303
   1.767755,    0.488843
   1.853737,    0.498009
