CLe, Neutral Point
   0.367275,    0.242068
   0.455016,    0.252021
   0.542638,    0.272050
   0.630131,    0.292180
   0.717491,    0.311985
   0.804723,    0.330782
   0.891839,    0.349069
   0.978830,    0.364467
   1.065691,    0.372711
   1.152775,    0.391102
   1.239442,    0.412505
   1.325985,    0.422392
   1.412405,    0.431998
   1.498698,    0.441516
   1.584864,    0.450685
   1.670901,    0.459186
   1.756815,    0.466812
   1.842611,    0.474060
