CLe, Neutral Point
  -0.016371,  587.451967
