V (EAS), 
   0.000000,    1.000000
  88.750627,    1.412659
  88.750627,    0.587341
   0.000000,    1.000000
