Maximum Rate of Climb, Altitude
 691.292816, 17000.000000
 931.009551, 13125.000000
1146.879603, 9250.000000
1370.340087, 5375.000000
1454.712696, 1500.000000
