V (EAS), 
   0.000000,    1.000000
 152.795216,    1.531258
 152.795216,    0.468742
   0.000000,    1.000000
