V (EAS), 
   0.000000,    1.000000
 152.775069,    1.531144
 152.775069,    0.468856
   0.000000,    1.000000
