Maximum Climb Angle, Altitude
   0.000000, -23296.138147
   0.024602, 35000.000000
   0.024601, 26625.000000
   0.027688, 18250.000000
   0.031800, 9875.000000
   0.057102, 1500.000000
