Maximum Climb Angle, Altitude
   0.000000, -19908.176549
   0.025727, 37000.000000
   0.025729, 27750.000000
   0.029246, 18500.000000
   0.035284, 9250.000000
   0.064030,    0.000000
