Time, Altitude
   0.000000,    0.000000
   2.950240, 4250.000000
   6.282509, 8500.000000
  10.452835, 12750.000000
  16.278250, 17000.000000
