Maximum Rate of Climb, Altitude
   0.000000, 5084.727579
  -1.152454, 7620.000000
  -0.500507, 5829.300000
   0.703215, 4038.600000
   1.134566, 2247.900000
   1.823846,  457.200000
