Maximum Rate of Climb, Altitude
   0.000000, 5466.259781
  -0.881732, 7620.000000
  -0.241780, 5829.300000
   0.950802, 4038.600000
   1.361086, 2247.900000
   2.042927,  457.200000
