Maximum Rate of Climb, Altitude
   0.000000, 45518.182770
1480.284031, 27000.000000
1989.881047, 20625.000000
2387.972710, 14250.000000
2527.228389, 7875.000000
2745.325686, 1500.000000
