Altitude, Fuel  used
   0.000000,    0.000000
6250.000000,  139.260891
12500.000000,  266.473124
18750.000000,  406.420469
25000.000000,  628.268746
