Altitude, Fuel  used
   0.000000,    0.000000
6250.000000,  115.370746
12500.000000,  226.988319
18750.000000,  332.182350
25000.000000,  434.712561
