Time, Altitude
   0.000000,    0.000000
   0.007782,   10.668000
   0.269303, 9144.000000
   4.062315, 9144.000000
   4.378982,  457.200000
   4.460362, 4572.000000
   4.741135, 4572.000000
   4.891135,  457.200000
   5.391135,  457.200000
   5.407246,   15.240000
   5.411157,    0.000000
