V (EAS), 
   0.000000,    1.000000
  80.207514,    1.521792
  80.207514,    0.478208
   0.000000,    1.000000
