Maximum Rate of Climb, Altitude
   0.000000, 37880.037162
 804.187950, 25000.000000
1171.003989, 19125.000000
1433.377345, 13250.000000
1557.637641, 7375.000000
1739.376557, 1500.000000
