Maximum Rate of Climb, Altitude
   0.000000, 39007.560614
 880.927142, 25000.000000
1250.402392, 19125.000000
1511.958163, 13250.000000
1628.474855, 7375.000000
1805.389953, 1500.000000
