Mach, Specific Range
   0.289446,    0.361717
   0.299728,    0.334028
   0.306842,    0.309789
   0.316437,    0.287844
   0.320362,    0.269751
