Mach, Specific Range
   0.299530,    0.362071
   0.306799,    0.334229
   0.316590,    0.309327
   0.326020,    0.286970
   0.329559,    0.268984
