Mach, Specific Range
   0.312730,    0.358148
   0.319648,    0.330768
   0.326323,    0.306575
   0.330047,    0.285094
   0.338452,    0.267032
