Time, Altitude
   0.000000,    0.000000
   0.006691,   35.000000
   0.234251, 17000.000000
   0.453926, 17000.000000
   0.626148, 1500.000000
   0.711727, 10000.000000
   1.001808, 10000.000000
   1.096252, 1500.000000
   1.846252, 1500.000000
   1.862363,   50.000000
   1.865131,    0.000000
