Time, Altitude
   0.000000,    0.000000
   0.006703,   35.000000
   0.233913, 17000.000000
   0.454100, 17000.000000
   0.626322, 1500.000000
   0.711909, 10000.000000
   1.002197, 10000.000000
   1.096642, 1500.000000
   1.846642, 1500.000000
   1.862753,   50.000000
   1.865520,    0.000000
