Time, Altitude
   0.000000,    0.000000
   3.042686, 1295.400000
   6.371834, 2590.800000
  10.412212, 3886.200000
  15.785596, 5181.600000
