Time, Aircraft mass
   0.000000, 34036.404824
   0.480365, 34020.911012
  19.834715, 33621.018611
 214.103724, 30929.766738
 229.770391, 30831.841650
 234.052898, 30731.501888
 253.104620, 30406.642241
 258.771287, 30368.400588
 288.771287, 30033.687850
 289.737953, 30026.614061
 289.918857, 30026.134666
