Range, Payload
   0.000000,  130.000000
1238.647022,  130.000000
1238.626538,  130.000000
2553.480353,   76.000000
2629.432807,    0.000000
