Maximum Climb Angle, Altitude
   0.000000, 46271.562262
   0.064459, 25000.000000
   0.092507, 18750.000000
   0.117812, 12500.000000
   0.138617, 6250.000000
   0.167556,    0.000000
