Range, Payload
   0.000000,   72.000000
1032.360932,   72.000000
1182.907405,   68.000000
1786.540139,   52.000000
1887.018581,    0.000000
