Maximum Rate of Climb, Altitude
   8.699382, 9144.000000
  13.453216, 6972.300000
  18.066638, 4800.600000
  22.487918, 2628.900000
  26.362983,  457.200000
