Time, Altitude
   0.000000,    0.000000
   2.833616, 1295.400000
   6.082878, 2590.800000
  10.353772, 3886.200000
  17.233683, 5181.600000
