Time, Altitude
   0.000000,    0.000000
   2.832790, 1295.400000
   6.081012, 2590.800000
  10.354142, 3886.200000
  17.246994, 5181.600000
