Time, Altitude
   0.000000,    0.000000
   2.812683, 1295.400000
   5.952117, 2590.800000
   9.792879, 3886.200000
  14.933481, 5181.600000
