Time, Altitude
   0.000000,    0.000000
   2.816461, 1295.400000
   5.963888, 2590.800000
   9.820279, 3886.200000
  14.990046, 5181.600000
