Time, Altitude
   0.000000,    0.000000
   2.525219, 1905.000000
   5.344525, 3810.000000
   8.687409, 5715.000000
  13.150316, 7620.000000
