Time, Altitude
   0.000000,    0.000000
   2.490020, 1905.000000
   5.170384, 3810.000000
   8.141040, 5715.000000
  11.880339, 7620.000000
