Maximum Rate of Climb, Altitude
   0.000000, 14743.062258
-120.931360, 17000.000000
 106.792369, 12750.000000
 280.181181, 8500.000000
 348.524233, 4250.000000
 405.909330,    0.000000
