Maximum Climb Angle, Altitude
   0.000000, 26748.039899
   0.030745, 17000.000000
   0.047678, 12750.000000
   0.065712, 8500.000000
   0.084297, 4250.000000
   0.095954,    0.000000
