Range, Payload
   0.000000,  130.000000
2382.031797,  130.000000
2381.987249,  130.000000
5182.887992,   76.000000
5765.242481,    0.000000
