Range, Payload
   0.000000,  130.000000
1997.327253,  130.000000
1997.292776,  130.000000
4776.813668,   76.000000
5481.690938,    0.000000
