Maximum Rate of Climb, Altitude
   0.000000, 8634.888421
   3.494678, 5181.600000
   4.805604, 3886.200000
   6.035785, 2590.800000
   7.110146, 1295.400000
   7.516357,    0.000000
