Maximum Rate of Climb, Altitude
   0.000000, 8389.713722
   3.191779, 5181.600000
   4.480584, 3886.200000
   5.693327, 2590.800000
   6.752097, 1295.400000
   7.152739,    0.000000
