Altitude, Fuel  used
 457.200000,    0.000000
3009.900000,  205.778729
5562.600000,  409.860220
8115.300000,  730.051171
10668.000000, -2031.500584
