Altitude, Fuel  used
   0.000000,    0.000000
2819.400000,  263.448508
5638.800000,  550.104400
8458.200000, 1117.141986
11277.600000,  845.481671
