Fuel used, Altitude
   0.000000, 9144.000000
  57.882558, 6972.300000
 117.954726, 4800.600000
 165.413822, 2628.900000
 223.875874,  457.200000
