Mach, Specific Range
   0.423265,    0.176323
   0.436292,    0.162160
   0.448940,    0.149778
   0.461242,    0.138896
   0.473225,    0.129285
