Mach, Specific Range
   0.434657,    0.174585
   0.447025,    0.160599
   0.460409,    0.148280
   0.473376,    0.137462
   0.485264,    0.127983
