Distance, Altitude
   0.000000, 33000.000000
  36.648455, 25125.000000
  68.521327, 17250.000000
  96.476337, 9375.000000
 121.178777, 1500.000000
