Distance, Altitude
   0.000000, 30000.000000
  19.158692, 22875.000000
  35.514154, 15750.000000
  49.608590, 8625.000000
  62.623956, 1500.000000
