Maximum Climb Angle, Altitude
  -0.038801, 5181.600000
   0.675239, 4000.500000
   1.367643, 2819.400000
   1.687203, 1638.300000
   2.010584,  457.200000
