V (EAS), 
   0.000000,    1.000000
 153.139177,    1.530233
 153.139177,    0.469767
   0.000000,    1.000000
