Maximum Rate of Climb, Altitude
   0.000000, 4493.685376
  -0.614331, 5181.600000
   0.542505, 3886.200000
   1.423320, 2590.800000
   1.770503, 1295.400000
   2.062019,    0.000000
