Time, Altitude
   0.000000,    0.000000
   3.010748, 1295.400000
   6.560186, 2590.800000
  11.511753, 3886.200000
  21.220879, 5181.600000
