Time, Altitude
   0.000000,    0.000000
   3.011485, 1295.400000
   6.555618, 2590.800000
  11.500545, 3886.200000
  21.196970, 5181.600000
