Time, Altitude
   0.000000,    0.000000
   2.971827, 1295.400000
   6.330985, 2590.800000
  10.538074, 3886.200000
  16.437959, 5181.600000
