Maximum Rate of Climb, Altitude
 -11.164854, 17000.000000
 176.923548, 13125.000000
 343.099113, 9250.000000
 399.370165, 5375.000000
 442.016272, 1500.000000
