alpha body, Efficiency
 -10.000000,    3.262643
  -9.090909,    4.199578
  -8.181818,    5.177581
  -7.272727,    6.187411
  -6.363636,    7.217637
  -5.454545,    8.246346
  -4.545455,    9.231030
  -3.636364,   10.159747
  -2.727273,   11.017678
  -1.818182,   11.792373
  -0.909091,   12.456136
  -0.000000,   12.992076
   0.909091,   13.396934
   1.818182,   13.682261
   2.727273,   13.772732
   3.636364,   13.818117
