alpha body, Efficiency
 -10.000000,    3.303182
  -9.090909,    4.247376
  -8.181818,    5.232655
  -7.272727,    6.249797
  -6.363636,    7.288262
  -5.454545,    8.324083
  -4.545455,    9.315057
  -3.636364,   10.249717
  -2.727273,   11.114731
  -1.818182,   11.894034
  -0.909091,   12.560629
  -0.000000,   13.101627
   0.909091,   13.510867
   1.818182,   13.796278
   2.727273,   13.969132
   3.636364,   14.027993
   4.545455,   13.919045
   5.454545,   13.795657
