Maximum Climb Angle, Altitude
   0.000000, 11889.504475
   0.037147, 7620.000000
   0.058086, 5829.300000
   0.077940, 4038.600000
   0.093848, 2247.900000
   0.113948,  457.200000
