Maximum Climb Angle, Altitude
   0.000000, 11545.835327
   0.034720, 7620.000000
   0.055857, 5829.300000
   0.075874, 4038.600000
   0.091877, 2247.900000
   0.112033,  457.200000
