Time, Altitude
   0.000000,    0.000000
   0.387086,   35.000000
  12.722423, 17000.000000
  26.910667, 17000.000000
  37.244000, 1500.000000
  42.111965, 10000.000000
  59.463488, 10000.000000
  65.130155, 1500.000000
 110.130155, 1500.000000
 111.096821,   50.000000
 111.259077,    0.000000
