Time, Altitude
   0.000000,    0.000000
   0.387893,   35.000000
  12.730860, 17000.000000
  26.920621, 17000.000000
  37.253954, 1500.000000
  42.124615, 10000.000000
  59.486864, 10000.000000
  65.153531, 1500.000000
 110.153531, 1500.000000
 111.120197,   50.000000
 111.282403,    0.000000
