Mach, Specific Range
   0.236980,    0.384874
   0.245622,    0.356531
   0.251052,    0.332101
   0.259071,    0.310147
   0.266042,    0.290997
