Mach, Specific Range
   0.309572,    0.329297
   0.316764,    0.302991
   0.326372,    0.279928
   0.332671,    0.261463
   0.341400,    0.243507
