Mach, Specific Range
   0.236978,    0.384886
   0.245619,    0.356541
   0.251049,    0.332113
   0.259068,    0.310155
   0.266039,    0.291004
