Mach, Specific Range
   0.256308,    0.381259
   0.264403,    0.353058
   0.273094,    0.328589
   0.278328,    0.307082
   0.284040,    0.288100
