Objective 1, Objective 2
  -0.000000,   -1.000000
  -0.250000,   -0.000000
