Range, Payload
   0.000000,   72.000000
1045.166921,   72.000000
1196.364829,   68.000000
1802.593235,   52.000000
1892.380368,    0.000000
