Altitude, Fuel  used
   0.000000,    0.000000
1295.400000,   47.340342
2590.800000,   92.736441
3886.200000,  143.533049
5181.600000,  215.548258
