Maximum Climb Angle, Altitude
   0.000000, 39064.720332
   0.007375, 35000.000000
   0.026640, 26625.000000
   0.053603, 18250.000000
   0.088004, 9875.000000
   0.123409, 1500.000000
