Maximum Climb Angle, Altitude
   0.000000, 28991.891043
   0.044234, 17000.000000
   0.063905, 12750.000000
   0.084427, 8500.000000
   0.104973, 4250.000000
   0.119261,    0.000000
