Maximum Climb Angle, Altitude
   0.000000, 25639.461529
   0.027638, 17000.000000
   0.044471, 12750.000000
   0.062399, 8500.000000
   0.080857, 4250.000000
   0.092369,    0.000000
