Maximum Rate of Climb, Altitude
   0.000000, 8393.749794
   3.596405, 5181.600000
   5.046767, 3886.200000
   6.343400, 2590.800000
   7.508700, 1295.400000
   7.850810,    0.000000
