Maximum Rate of Climb, Altitude
   0.000000, 8369.350138
   3.572850, 5181.600000
   5.024743, 3886.200000
   6.320174, 2590.800000
   7.499627, 1295.400000
   7.839190,    0.000000
