Time, Altitude
   0.000000,    0.000000
   0.006494,   10.668000
   0.214261, 5181.600000
   0.448903, 5181.600000
   0.621125,  457.200000
   0.702904, 3048.000000
   0.992038, 3048.000000
   1.086482,  457.200000
   1.836482,  457.200000
   1.852593,   15.240000
   1.855304,    0.000000
