Fuel used, Altitude
   0.000000,    0.000000
  16.418978,   35.000000
 455.216488, 17000.000000
 822.035134, 17000.000000
 950.142888, 1500.000000
1130.502085, 10000.000000
1703.922986, 10000.000000
1775.966060, 1500.000000
2094.112279, 1500.000000
2106.348595,   50.000000
2107.318590,    0.000000
