Range, Masses
   0.000000, 7350.000000
 824.972529, 7350.000000
1373.970533, 6460.000000
2583.322844, 4550.000000
2875.506613,    0.000000
