Range, Masses
   0.000000, 7350.000000
 807.732297, 7350.000000
1338.095982, 6460.000000
2501.698554, 4550.000000
2759.780691,    0.000000
