Distance, Altitude
   0.000000, 9144.000000
  52.647704, 6972.300000
  99.001081, 4800.600000
 140.100672, 2628.900000
 176.771265,  457.200000
