Maximum Rate of Climb, Altitude
   0.000000, 39789.801639
 197.308422, 37000.000000
 851.513681, 27750.000000
1547.945558, 18500.000000
2201.400901, 9250.000000
2857.426275,    0.000000
