alpha body, CLh_e
 -10.000000,   -0.097640
  -9.090909,   -0.601854
  -8.181818,   -1.106592
