alpha body, CLh_e
 -10.000000,   -0.049120
  -9.090909,   -0.632420
  -8.181818,   -1.216206
