Time, Altitude
   0.000000,    0.000000
   3.000855, 4250.000000
   6.534185, 8500.000000
  11.467543, 12750.000000
  21.169057, 17000.000000
