Time, Altitude
   0.000000,    0.000000
   3.062311, 4250.000000
   6.690699, 8500.000000
  11.808524, 12750.000000
  22.355454, 17000.000000
