Time, Altitude
   0.000000,    0.000000
   2.923774, 4250.000000
   6.110022, 8500.000000
   9.947450, 12750.000000
  14.976449, 17000.000000
