Time, Altitude
   0.000000,    0.000000
   2.923667, 4250.000000
   6.109788, 8500.000000
   9.947036, 12750.000000
  14.975737, 17000.000000
