Time, Altitude
   0.000000,    0.000000
   3.016041, 4250.000000
   6.434223, 8500.000000
  10.738317, 12750.000000
  16.836192, 17000.000000
