Time, Altitude
   0.000000,    0.000000
   2.970938, 4250.000000
   6.331455, 8500.000000
  10.548792, 12750.000000
  16.478628, 17000.000000
