Time, Altitude
   0.000000,    0.000000
   2.835212, 4250.000000
   5.996977, 8500.000000
   9.827367, 12750.000000
  14.828922, 17000.000000
