Time, Altitude
   0.000000,    0.000000
   2.897619, 1295.400000
   6.249104, 2590.800000
  10.744157, 3886.200000
  18.407721, 5181.600000
