Time, Altitude
   0.000000,    0.000000
   2.891422, 1295.400000
   6.239218, 2590.800000
  10.738418, 3886.200000
  18.407429, 5181.600000
