Time, Altitude
   0.000000,    0.000000
   2.868368, 1295.400000
   6.085862, 2590.800000
  10.053970, 3886.200000
  15.447111, 5181.600000
