Time, Altitude
   0.000000,    0.000000
   2.874773, 1295.400000
   6.101409, 2590.800000
  10.090060, 3886.200000
  15.522580, 5181.600000
