V (EAS), 
   0.000000,    1.000000
  94.743120,    1.361707
  94.743120,    0.638293
   0.000000,    1.000000
