Time, Altitude
   0.000000,    0.000000
   0.461265,   10.668000
  15.929289, 9144.000000
 239.768281, 9144.000000
 258.768281,  457.200000
 263.638786, 4572.000000
 280.342294, 4572.000000
 289.342294,  457.200000
 319.342294,  457.200000
 320.308961,   15.240000
 320.544841,    0.000000
