Fuel used, Altitude
   0.000000, 30000.000000
 404.079927, 22875.000000
 698.940211, 15750.000000
 853.824232, 8625.000000
1010.018588, 1500.000000
