Fuel used, Altitude
   0.000000, 30000.000000
 130.609537, 22875.000000
 266.060253, 15750.000000
 396.765560, 8625.000000
 532.961003, 1500.000000
