Fuel used, Altitude
   0.000000,    0.000000
   7.183794,   10.668000
 188.285492, 5181.600000
 367.283589, 5181.600000
 424.119009,  457.200000
 501.752879, 3048.000000
 761.363911, 3048.000000
 793.288577,  457.200000
 927.335869,  457.200000
 932.749806,   15.240000
 933.179652,    0.000000
