alpha body, CL_e
 -10.000000,    0.371795
  -9.090909,    0.460133
  -8.181818,    0.548324
  -7.272727,    0.636361
  -6.363636,    0.724237
  -5.454545,    0.811957
  -4.545455,    0.899538
  -3.636364,    0.986968
  -2.727273,    1.074242
  -1.818182,    1.161715
  -0.909091,    1.248742
  -0.000000,    1.335621
   0.909091,    1.422353
   1.818182,    1.508932
   2.727273,    1.595358
   3.636364,    1.681631
   4.545455,    1.767755
   5.454545,    1.853737
