alpha body, CL_e
 -10.000000,   -0.074318
