Time, Altitude
   0.000000,  457.200000
   3.442690, 2247.900000
   7.281484, 4038.600000
  11.937460, 5829.300000
  19.002155, 7620.000000
