Time, Altitude
   0.000000,  457.200000
   3.574692, 2247.900000
   7.509916, 4038.600000
  12.067803, 5829.300000
  18.229088, 7620.000000
