Time, Altitude
   0.000000,  457.200000
   3.430907, 2247.900000
   7.177587, 4038.600000
  11.469676, 5829.300000
  17.153474, 7620.000000
