alpha, CL
   0.000000,    0.000000
   1.000000,    0.090467
   2.000000,    0.180934
   3.000000,    0.271400
   4.000000,    0.361867
   5.000000,    0.452334
   6.000000,    0.542801
   7.000000,    0.633267
   8.000000,    0.723734
   9.000000,    0.814201
  10.000000,    0.904668
  11.000000,    0.995134
  12.000000,    1.085601
  13.000000,    1.176068
  14.000000,    1.266535
  15.000000,    1.349109
  16.000000,    1.395007
  17.000000,    1.402604
