Time, Altitude
   0.000000,    0.000000
   0.515827,   10.668000
  15.895285, 5181.600000
 187.945817, 5181.600000
 199.245817,   15.240000
 199.245817,   15.240000
 199.245817,   15.240000
 199.245817,   15.240000
 199.245817,   15.240000
 199.245817,   15.240000
 199.414381,    0.000000
