Time, Aircraft mass
   0.000000, 19640.008842
   0.402162, 19632.561319
  14.034805, 19433.526117
  27.245975, 19267.139977
  37.579308, 19209.031277
  42.714529, 19127.221722
  60.131842, 18867.122377
  65.798508, 18834.444188
 110.798508, 18690.135490
 111.765175, 18684.585191
 111.931206, 18684.145208
