Maximum Climb Angle, Altitude
   0.000000, 6128.624529
  -0.004159, 7620.000000
   0.002011, 5829.300000
   0.015572, 4038.600000
   0.021937, 2247.900000
   0.033253,  457.200000
