Range, Altitude
   0.000000,    0.000000
   0.573194,   35.000000
  77.759808, 25000.000000
1083.946447, 25000.000000
1158.304177, 1500.000000
1173.036998, 10000.000000
1273.036998, 10000.000000
1296.026882, 1500.000000
1296.026882, 1500.000000
1299.613591,   50.000000
1299.998429,    0.000000
