Time, Altitude
   0.000000,    0.000000
   0.393290,   35.000000
  13.172364, 17000.000000
  27.025410, 17000.000000
  37.358743, 1500.000000
  42.322540, 10000.000000
  59.710637, 10000.000000
  65.377303, 1500.000000
 110.377303, 1500.000000
 111.343970,   50.000000
 111.507664,    0.000000
