Time, Altitude
   0.000000,    0.000000
   0.392684,   35.000000
  13.168382, 17000.000000
  27.021098, 17000.000000
  37.354431, 1500.000000
  42.317600, 10000.000000
  59.679412, 10000.000000
  65.346078, 1500.000000
 110.346078, 1500.000000
 111.312745,   50.000000
 111.476487,    0.000000
