Maximum Rate of Climb, Altitude
   0.000000, 27538.549193
 707.953661, 17000.000000
 993.458145, 12750.000000
1248.700857, 8500.000000
1478.090641, 4250.000000
1545.435118,    0.000000
