Time, Altitude
   0.000000, 1500.000000
   2.431308, 7875.000000
   5.091712, 14250.000000
   8.244225, 20625.000000
  12.472119, 27000.000000
