Time, Altitude
   0.000000, 1500.000000
   2.422328, 7875.000000
   5.018405, 14250.000000
   7.955074, 20625.000000
  11.710231, 27000.000000
