Maximum Climb Angle, Altitude
   0.000000, 34022.419845
   0.009362, 25000.000000
   0.017644, 18750.000000
   0.032664, 12500.000000
   0.041207, 6250.000000
   0.056484,    0.000000
