Altitude, Fuel  used
   0.000000,    0.000000
4250.000000,   49.897871
8500.000000,   99.128337
12750.000000,  157.809443
17000.000000,  260.954523
