Altitude, Fuel  used
1500.000000,    0.000000
9875.000000,  205.778729
18250.000000,  409.860220
26625.000000,  730.051171
35000.000000, -2031.500584
