Altitude, Fuel  used
   0.000000,    0.000000
9250.000000,  263.448508
18500.000000,  550.104400
27750.000000, 1117.141986
37000.000000,  845.481671
