V (EAS), 
   0.000000,    1.000000
 151.389125,    1.535674
 151.389125,    0.464326
   0.000000,    1.000000
