Maximum Rate of Climb, Altitude
   0.000000, -19886.213943
 896.780739, 37000.000000
 750.959436, 27750.000000
 692.220301, 18500.000000
 734.876318, 9250.000000
1232.222333,    0.000000
