Maximum Climb Angle, Altitude
   0.000000, 11648.235378
   0.002203, 11277.600000
   0.022931, 8458.200000
   0.053322, 5638.800000
   0.091636, 2819.400000
   0.131914,    0.000000
