Time, Altitude
   0.000000,    0.000000
   0.008154,   35.000000
   0.354215, 25000.000000
   3.791436, 25000.000000
   4.052547, 1500.000000
   4.126780, 10000.000000
   4.459549, 10000.000000
   4.553993, 1500.000000
   5.053993, 1500.000000
   5.070104,   50.000000
   5.073111,    0.000000
