Maximum Climb Angle, Altitude
   0.000000, 3904.318687
  -0.011070, 5181.600000
   0.000130, 3886.200000
   0.010234, 2590.800000
   0.015454, 1295.400000
   0.020745,    0.000000
