Maximum Climb Angle, Altitude
   0.000000, 3907.056397
  -0.011251, 5181.600000
   0.000198, 3886.200000
   0.010247, 2590.800000
   0.015523, 1295.400000
   0.020635,    0.000000
