Time, Altitude
   0.000000,    0.000000
   2.923667, 1295.400000
   6.109788, 2590.800000
   9.947036, 3886.200000
  14.975737, 5181.600000
