Time, Altitude
   0.000000,    0.000000
   3.000855, 1295.400000
   6.534185, 2590.800000
  11.467543, 3886.200000
  21.169057, 5181.600000
