Time, Altitude
   0.000000,    0.000000
   3.062311, 1295.400000
   6.690699, 2590.800000
  11.808524, 3886.200000
  22.355454, 5181.600000
