Time, Altitude
   0.000000,    0.000000
   3.016041, 1295.400000
   6.434223, 2590.800000
  10.738317, 3886.200000
  16.836192, 5181.600000
