Time, Altitude
   0.000000,    0.000000
   2.835319, 1295.400000
   5.997213, 2590.800000
   9.827784, 3886.200000
  14.829629, 5181.600000
