Maximum Rate of Climb, Altitude
   0.000000, 4538.080014
  -0.575936, 5181.600000
   0.583418, 3886.200000
   1.466920, 2590.800000
   1.810560, 1295.400000
   2.103581,    0.000000
