Range, Payload
   0.000000,   72.000000
1911.932446,   72.000000
2190.744515,   68.000000
3308.672338,   52.000000
3494.758412,    0.000000
