Range, Payload
   0.000000,   72.000000
1912.785876,   72.000000
2192.116468,   68.000000
3312.100724,   52.000000
3499.492005,    0.000000
