Time, Altitude
   0.000000,    0.000000
   0.395290,   35.000000
  13.314858, 17000.000000
  27.047837, 17000.000000
  37.381171, 1500.000000
  42.384888, 10000.000000
  59.758136, 10000.000000
  65.424802, 1500.000000
 110.424802, 1500.000000
 111.391469,   50.000000
 111.555581,    0.000000
