Fuel used, Altitude
   0.000000, 17000.000000
  47.312086, 12762.500000
  90.180171, 8525.000000
 129.640305, 4287.500000
 166.088540,   50.000000
