Time, Altitude
   0.000000,    0.000000
   2.744546, 6250.000000
   6.019525, 12500.000000
  10.770808, 18750.000000
  20.122331, 25000.000000
