Time, Altitude
   0.000000,    0.000000
   2.737082, 6250.000000
   5.946292, 12500.000000
  10.314327, 18750.000000
  17.862603, 25000.000000
