Time, Altitude
   0.000000,    0.000000
   2.490020, 6250.000000
   5.170384, 12500.000000
   8.141040, 18750.000000
  11.880339, 25000.000000
