Fuel used, Altitude
   0.000000, 11887.200000
 100.189291, 8919.210000
 173.081329, 5951.220000
 209.123891, 2983.230000
 219.933540,   15.240000
