Maximum Climb Angle, Altitude
   0.000000, 8393.749794
   0.033492, 5181.600000
   0.050785, 3886.200000
   0.069128, 2590.800000
   0.087980, 1295.400000
   0.099834,    0.000000
