Time, Altitude
   0.000000, 11887.200000
   6.491667, 8919.210000
  12.983333, 5951.220000
  19.475000, 2983.230000
  25.966667,   15.240000
