Time, Altitude
   0.000000,    0.000000
   0.007945,   35.000000
   0.278299, 30000.000000
   4.147344, 30000.000000
   4.464011, 1500.000000
   4.546036, 15000.000000
   4.829070, 15000.000000
   4.979070, 1500.000000
   5.479070, 1500.000000
   5.495181,   50.000000
   5.499110,    0.000000
