Maximum Rate of Climb, Altitude
   0.000000, -6920.999582
   7.785948, 11887.200000
   6.555725, 8915.400000
   5.525373, 5943.600000
   5.433206, 2971.800000
   8.582964,    0.000000
