Maximum Rate of Climb, Altitude
   0.000000, 11013.125947
   0.444560, 10668.000000
   3.732720, 8115.300000
   7.130842, 5562.600000
  10.385547, 3009.900000
  13.590255,  457.200000
