Maximum Climb Angle, Altitude
   0.000000, 31722.668802
   0.025753, 25000.000000
   0.056286, 18750.000000
   0.091001, 12500.000000
   0.128857, 6250.000000
   0.155126,    0.000000
