Maximum Rate of Climb, Altitude
   0.000000, 12612.701078
-240.247480, 17000.000000
  -5.830944, 12750.000000
 174.662177, 8500.000000
 251.577191, 4250.000000
 313.848657,    0.000000
