V (EAS), 
   0.000000,    1.000000
 161.598951,    1.458542
 161.598951,    0.541458
   0.000000,    1.000000
