V (EAS), 
   0.000000,    1.000000
 192.844154,    1.945848
 261.094125,    2.280595
   0.000000,    1.000000
 261.094125,    2.280595
 326.367656,    1.768904
   0.000000,    1.000000
 326.367656,    1.768904
 326.367656,    0.231096
   0.000000,    1.000000
 326.367656,    0.231096
 261.094125,   -0.280595
   0.000000,    1.000000
 261.094125,   -0.280595
 261.094125,   -0.280595
 149.376439,    0.054152
   0.000000,    1.000000
