Altitude, Fuel  used
   0.000000,    0.000000
6250.000000,  111.042029
12500.000000,  218.049745
18750.000000,  318.355402
25000.000000,  445.124858
