Time, Altitude
   0.000000,    0.000000
   3.878914, 9750.000000
   9.989021, 19500.000000
  26.399139, 29250.000000
  27.278333, 39000.000000
