Time, Altitude
   0.000000,    0.000000
   3.123348, 9750.000000
   7.509979, 19500.000000
  15.433950, 29250.000000
 102.483115, 39000.000000
