V (EAS), 
   0.000000,    1.000000
 151.017942,    1.536610
 151.017942,    0.463390
   0.000000,    1.000000
