V (EAS), 
   0.000000,    1.000000
 180.014271,    2.105635
 285.960232,    2.756347
   0.000000,    1.000000
 285.960232,    2.756347
 357.450290,    2.054558
   0.000000,    1.000000
 357.450290,    2.054558
 357.450290,   -0.054558
   0.000000,    1.000000
 357.450290,   -0.054558
 285.960232,   -0.756347
   0.000000,    1.000000
 285.960232,   -0.756347
 285.960232,   -0.756347
 147.926158,   -0.105635
   0.000000,    1.000000
