V (EAS), 
   0.000000,    1.000000
 151.040081,    1.536734
 151.040081,    0.463266
   0.000000,    1.000000
