Maximum Climb Gradient, Altitude
   4.079923, 5181.600000
   5.834587, 4000.500000
   7.636425, 2819.400000
   9.536222, 1638.300000
  10.820588,  457.200000
