Iterations, Best Cost
   0.000000,   -1.665184
   2.000000,   -1.665184
