Iterations, Best Cost
   0.000000,   -1.665216
   2.000000,   -1.665216
