Iterations, Best Cost
   0.000000,   -1.662444
   2.000000,   -1.662444
