Iterations, Best Cost
   0.000000,   -1.665200
   2.000000,   -1.665200
