Iterations, Best Cost
   0.000000,   90.768046
   2.000000,   90.768046
