Maximum Climb Angle, Altitude
   0.000000, 4493.685376
  -0.005912, 5181.600000
   0.005615, 3886.200000
   0.016099, 2590.800000
   0.021335, 1295.400000
   0.026735,    0.000000
