Maximum Climb Angle, Altitude
   0.000000, -6061.318010
   0.022639, 11277.600000
   0.022628, 8458.200000
   0.026680, 5638.800000
   0.032759, 2819.400000
   0.061643,    0.000000
