Maximum Climb Angle, Altitude
   0.000000, 17499.755759
   0.001516, 17000.000000
   0.015620, 12750.000000
   0.027730, 8500.000000
   0.034405, 4250.000000
   0.040686,    0.000000
