Maximum Climb Angle, Altitude
   0.000000, 17500.439479
   0.001518, 17000.000000
   0.015622, 12750.000000
   0.027733, 8500.000000
   0.034408, 4250.000000
   0.040689,    0.000000
