Maximum Rate of Climb, Altitude
   0.000000, 7831.952672
   3.058700, 5181.600000
   4.553686, 3886.200000
   5.878088, 2590.800000
   7.089487, 1295.400000
   7.449197,    0.000000
