Maximum Rate of Climb, Altitude
   0.000000, 7827.793240
   3.038785, 5181.600000
   4.526371, 3886.200000
   5.856472, 2590.800000
   7.066105, 1295.400000
   7.427317,    0.000000
