Maximum Rate of Climb, Altitude
   0.000000, 10370.033569
   1.204417, 7620.000000
   2.038739, 5715.000000
   3.305218, 3810.000000
   3.686986, 1905.000000
   4.576413,    0.000000
