Maximum Rate of Climb, Altitude
   0.000000, 7882.686933
   3.105524, 5181.600000
   4.594886, 3886.200000
   5.928145, 2590.800000
   7.142879, 1295.400000
   7.502027,    0.000000
