Range, Payload
   0.000000,  150.000000
3879.528486,  150.000000
4342.778050,  150.000000
4339.639804,  135.000000
4265.884846,    0.000000
