Range, Payload
   0.000000,  150.000000
3122.767119,  150.000000
3760.751224,  150.000000
3757.556363,  135.000000
4321.523794,    0.000000
