Time, Altitude
   0.000000, 39000.000000
   6.491667, 29262.500000
  12.983333, 19525.000000
  19.475000, 9787.500000
  25.966667,   50.000000
