Time, Aircraft mass
   0.000000, 52469.344400
   0.404574, 52431.805984
  16.987263, 51634.714332
  34.521903, 51018.054408
  53.521903, 51016.502915
  58.013508, 50745.615868
  71.003872, 50073.919882
  80.003872, 50052.349232
 110.003872, 49929.802738
 110.970539, 49929.834350
 111.321784, 49929.834350
