Time, Aircraft mass
   0.000000, 60342.746575
   0.458891, 60300.206006
  32.506077, 58889.373074
 201.724087, 52663.701869
 220.724087, 52439.601259
 225.392765, 52158.919098
 229.069628, 51961.240154
 238.069628, 51887.138839
 268.069628, 50983.622444
 269.036295, 50977.901177
 269.390597, 50977.901177
