Time, Aircraft mass
   0.000000, 60314.654156
   0.459611, 60272.046555
  28.054524, 59020.126062
 200.977216, 52653.427474
 219.977216, 52429.343546
 224.644772, 52148.726739
 228.322247, 51950.877689
 237.322247, 51876.763977
 267.322247, 50973.428241
 268.288913, 50967.706453
 268.643182, 50967.706453
