Time, Aircraft mass
   0.000000, 57598.555119
   0.463281, 57555.533348
  34.605615, 56102.580162
 187.088555, 51330.733938
 208.088555, 51274.365331
 212.612190, 51001.559655
 225.609928, 50330.017553
 234.609928, 50309.086871
 264.609928, 50185.394080
 265.576595, 50185.438414
 265.928683, 50185.438414
