Altitude, Fuel  used
 457.200000,    0.000000
1638.300000,   48.090145
2819.400000,   99.826719
4000.500000,  159.324047
5181.600000,  234.976457
