Maximum Climb Angle, Altitude
   2.337624, 5181.600000
   3.342972, 4000.500000
   4.375349, 2819.400000
   5.463853, 1638.300000
   6.199740,  457.200000
