Mach, Specific Range
   0.436068,    0.160753
   0.449489,    0.147765
   0.462520,    0.136437
   0.475194,    0.126504
   0.487539,    0.117750
