Mach, Specific Range
   0.445465,    0.127374
   0.459324,    0.116752
   0.472341,    0.107482
   0.484558,    0.099414
   0.498206,    0.092193
