Mach, Specific Range
   0.446249,    0.159195
   0.460265,    0.146285
   0.473439,    0.135077
   0.487140,    0.125202
   0.499617,    0.116574
