Time, Aircraft mass
   0.000000, 19624.400219
   0.393290, 19617.116852
  13.172364, 19429.931239
  27.025410, 19255.208663
  37.358743, 19197.922107
  42.322540, 19118.818166
  59.710637, 18859.211454
  65.377303, 18827.019333
 110.377303, 18689.248559
 111.343970, 18683.785979
 111.507664, 18683.352190
