Range, Altitude
   0.000000,    0.000000
   0.893143,   10.668000
  73.976209, 5181.600000
 208.293505, 5181.600000
 291.638263,  457.200000
 320.535611, 3048.000000
 481.659611, 3048.000000
 524.236875,  457.200000
 524.236875,  457.200000
 530.879461,   15.240000
 531.523877,    0.000000
