Maximum Rate of Climb, Altitude
   0.000000, 11889.504475
   4.475110, 7620.000000
   6.352044, 5829.300000
   7.680747, 4038.600000
   8.272652, 2247.900000
   9.171381,  457.200000
