Maximum Rate of Climb, Altitude
   0.000000, 11545.835327
   4.085275, 7620.000000
   5.948700, 5829.300000
   7.281557, 4038.600000
   7.912799, 2247.900000
   8.836033,  457.200000
