Time, Altitude
   0.000000,    0.000000
   0.424642,   35.000000
  12.512665, 17000.000000
  28.128192, 17000.000000
  38.461525, 1500.000000
  43.529296, 10000.000000
  62.245857, 10000.000000
  67.912524, 1500.000000
 112.912524, 1500.000000
 113.879191,   50.000000
 114.042471,    0.000000
