Time, Altitude
   0.000000,    0.000000
   0.405382,   35.000000
  14.400685, 17000.000000
  27.319339, 17000.000000
  37.652672, 1500.000000
  42.863782, 10000.000000
  60.281918, 10000.000000
  65.948585, 1500.000000
 110.948585, 1500.000000
 111.915252,   50.000000
 112.081711,    0.000000
