Time, Altitude
   0.000000,    0.000000
   0.424619,   35.000000
  12.512161, 17000.000000
  28.128227, 17000.000000
  38.461561, 1500.000000
  43.529155, 10000.000000
  62.245787, 10000.000000
  67.912454, 1500.000000
 112.912454, 1500.000000
 113.879121,   50.000000
 114.042401,    0.000000
