Mach, Specific Range
   0.320372,    0.285596
   0.327983,    0.264930
   0.335753,    0.247576
   0.344249,    0.231676
   0.348211,    0.218322
