alpha body, CL_e
 -10.000000,    0.023750
  -9.090909,   -0.001685
  -8.181818,   -0.027214
