Maximum Rate of Climb, Altitude
   0.000000, -7100.662907
   5.012224, 10668.000000
   4.292153, 8115.300000
   3.786105, 5562.600000
   3.853076, 3009.900000
   6.199284,  457.200000
