Maximum Rate of Climb, Altitude
   0.000000, -6068.012212
   5.357832, 11277.600000
   4.486957, 8458.200000
   3.946068, 5638.800000
   4.143040, 2819.400000
   6.691986,    0.000000
