Time, Altitude
   0.000000,    0.000000
   0.006545,   10.668000
   0.219473, 5181.600000
   0.450352, 5181.600000
   0.622574,  457.200000
   0.705293, 3048.000000
   0.994657, 3048.000000
   1.089101,  457.200000
   1.839101,  457.200000
   1.855212,   15.240000
   1.857941,    0.000000
