Time, Altitude
   0.000000,    0.000000
   0.006555,   10.668000
   0.219539, 5181.600000
   0.450423, 5181.600000
   0.622646,  457.200000
   0.705376, 3048.000000
   0.995177, 3048.000000
   1.089622,  457.200000
   1.839622,  457.200000
   1.855733,   15.240000
   1.858461,    0.000000
