Range, Altitude
   0.000000,    0.000000
   1.142435,   10.668000
 127.037973, 9144.000000
2675.217211, 9144.000000
2851.988476,  457.200000
2884.579230, 4572.000000
3069.779230, 4572.000000
3140.886441,  457.200000
3140.886441,  457.200000
3147.529026,   15.240000
3148.400148,    0.000000
