Time, Altitude
   0.000000,    0.000000
   2.832790, 4250.000000
   6.081012, 8500.000000
  10.354142, 12750.000000
  17.246994, 17000.000000
