Time, Altitude
   0.000000,    0.000000
   2.816461, 4250.000000
   5.963888, 8500.000000
   9.820279, 12750.000000
  14.990046, 17000.000000
