Time, Altitude
   0.000000,    0.000000
   2.812683, 4250.000000
   5.952117, 8500.000000
   9.792879, 12750.000000
  14.933481, 17000.000000
