Time, Altitude
   0.000000, 8229.600000
   4.491667, 6176.010000
   8.983333, 4122.420000
  13.475000, 2068.830000
  17.966667,   15.240000
