Maximum Climb Angle, Altitude
   0.000000, 12258.519923
   0.044562, 7620.000000
   0.067649, 5829.300000
   0.090028, 4038.600000
   0.107820, 2247.900000
   0.130310,  457.200000
