Mach, Specific Range
   0.239652,    0.373013
   0.247752,    0.345999
   0.253871,    0.321841
   0.261266,    0.300967
   0.268991,    0.281965
