Mach, Specific Range
   0.244693,    0.359768
   0.251088,    0.333233
   0.258801,    0.310399
   0.264775,    0.289792
   0.271812,    0.271917
