Mach, Specific Range
   0.263317,    0.356298
   0.271408,    0.329927
   0.277821,    0.307403
   0.285244,    0.286752
   0.288967,    0.269334
