Time, Altitude
   0.000000, 1500.000000
   2.878933, 5375.000000
   6.192014, 9250.000000
  10.368686, 13125.000000
  16.197115, 17000.000000
