Mach, Specific Range
   0.311333,    0.239969
   0.322452,    0.227644
   0.327639,    0.216073
   0.335505,    0.206097
   0.337595,    0.196569
