Mach, Specific Range
   0.336961,    0.237531
   0.347310,    0.225334
   0.353025,    0.213859
   0.362148,    0.203972
   0.366226,    0.194535
