Mach, Specific Range
   0.325312,    0.235896
   0.333751,    0.223872
   0.340332,    0.212402
   0.347802,    0.202695
   0.352865,    0.193257
