Time, Altitude
   0.000000, 1500.000000
   3.588946, 7375.000000
   7.578985, 13250.000000
  12.419046, 19125.000000
  19.843653, 25000.000000
