Time, Altitude
   0.000000, 1500.000000
   3.442690, 7375.000000
   7.281484, 13250.000000
  11.937460, 19125.000000
  19.002155, 25000.000000
