Time, Altitude
   0.000000, 1500.000000
   3.574692, 7375.000000
   7.509916, 13250.000000
  12.067803, 19125.000000
  18.229088, 25000.000000
