Time, Altitude
   0.000000, 1500.000000
   3.430907, 7375.000000
   7.177587, 13250.000000
  11.469676, 19125.000000
  17.153474, 25000.000000
