V (EAS), 
   0.000000,    1.000000
  90.263787,    1.449164
  90.263787,    0.550836
   0.000000,    1.000000
