Maximum Climb Angle, Altitude
   0.000000, 44157.174335
   0.010637, 27000.000000
   0.016089, 20625.000000
   0.036308, 14250.000000
   0.045192, 7875.000000
   0.060209, 1500.000000
