Time, Altitude
   0.000000,    0.000000
   0.477352,   10.668000
   7.780426, 5181.600000
 242.923768, 5181.600000
 253.257102,  457.200000
 257.949836, 4572.000000
 274.068676, 4572.000000
 283.068676,  457.200000
 313.068676,  457.200000
 314.035342,   15.240000
 314.266305,    0.000000
