alpha body, Neutral Point
 -10.000000,  671.845474
  -9.090909,  669.622785
  -8.181818,  665.908816
