V (EAS), 
   0.000000,    1.000000
  92.607342,    2.105635
 147.110653,    2.756347
   0.000000,    1.000000
 147.110653,    2.756347
 183.888316,    2.054558
   0.000000,    1.000000
 183.888316,    2.054558
 183.888316,   -0.054558
   0.000000,    1.000000
 183.888316,   -0.054558
 147.110653,   -0.756347
   0.000000,    1.000000
 147.110653,   -0.756347
 147.110653,   -0.756347
  76.099790,   -0.105635
   0.000000,    1.000000
