V (EAS), 
   0.000000,    1.000000
  77.701730,    1.536734
  77.701730,    0.463266
   0.000000,    1.000000
