V (EAS), 
   0.000000,    1.000000
  77.690342,    1.536610
  77.690342,    0.463390
   0.000000,    1.000000
