Fuel used, Altitude
   0.000000, 17000.000000
  39.563905, 12762.500000
  75.761530, 8525.000000
 108.662085, 4287.500000
 137.917219,   50.000000
