eta, cCl_add.
   0.000000,    0.973192
   0.020408,    0.964206
   0.040816,    0.961238
   0.061224,    0.956925
   0.081633,    0.951504
   0.102041,    0.945134
   0.122449,    0.937938
   0.142857,    0.930012
   0.163265,    0.921440
   0.183673,    0.912293
   0.204082,    0.902640
   0.224490,    0.892547
   0.244898,    0.882084
   0.265306,    0.871333
   0.285714,    0.860122
   0.306122,    0.848883
   0.326531,    0.838796
   0.346939,    0.828077
   0.367347,    0.817256
   0.387755,    0.806290
   0.408163,    0.795157
   0.428571,    0.783842
   0.448980,    0.772338
   0.469388,    0.760635
   0.489796,    0.748728
   0.510204,    0.736608
   0.530612,    0.724267
   0.551020,    0.711696
   0.571429,    0.698883
   0.591837,    0.685816
   0.612245,    0.672474
   0.632653,    0.658837
   0.653061,    0.644876
   0.673469,    0.630558
   0.693878,    0.615838
   0.714286,    0.600661
   0.734694,    0.584959
   0.755102,    0.568643
   0.775510,    0.551596
   0.795918,    0.533667
   0.816327,    0.514653
   0.836735,    0.494276
   0.857143,    0.472150
   0.877551,    0.447719
   0.897959,    0.420154
   0.918367,    0.388153
   0.938776,    0.349518
   0.959184,    0.300093
   0.979592,    0.230031
   1.000000,    0.000000
