Distance, Altitude
   0.000000, 10058.400000
  67.872938, 7658.100000
 126.901497, 5257.800000
 178.674177, 2857.500000
 224.423095,  457.200000
