Distance, Altitude
   0.000000, 9144.000000
  35.481897, 6972.300000
  65.772213, 4800.600000
  91.875109, 2628.900000
 115.979566,  457.200000
