Range, Payload
   0.000000,  130.000000
2293.974285,  130.000000
2293.936349,  130.000000
4729.045614,   76.000000
4869.709558,    0.000000
